"0"," 115.438"," 114.469"," 111.934"," 108.934"," 108.553"," 112.983"," 119.473"," 125.194"," 127.193"," 128.555"," 129.562"," 128.460"," 126.647"," 125.147"," 124.986"," 125.949"," 127.763"," 129.970"," 131.776"," 132.730"," 133.057"," 133.163"," 132.906"," 132.851"," 133.306"," 133.898"," 134.721"," 135.810"," 137.697"," 140.840"," 145.136"," 150.018"," 154.689"," 158.073"," 158.809"," 156.022"," 150.451"," 143.491"," 136.417"," 130.449"," 126.614"," 126.306"," 130.497"," 141.033"," 159.158"," 186.072"," 224.074"," 271.424"," 325.279"," 392.477"," 459.126"," 521.353"," 585.707"," 624.891"," 670.569"," 711.763"," 748.909"," 788.063"," 826.411"," 865.125"," 902.533"," 937.739"," 969.857"," 998.988","1026.145","1052.216","1077.107","1099.130","1115.210","1119.446","1107.500","1081.234","1046.557","1007.334"," 965.862"," 922.826"," 880.515"," 834.164"," 789.528"," 758.080"," 713.497"," 665.242"," 610.622"," 551.659"," 492.746"," 434.549"," 383.221"," 338.020"," 296.479"," 262.417"," 232.362"," 199.384"," 165.997"," 137.461"," 109.281","  86.075","  66.478","  49.247","  35.988","  24.019"
"0","  54.493","  54.570","  57.289","  56.942","  53.486","  50.528","  46.153","  39.792","  33.297","  26.918","  20.582","  15.272","  11.177","   7.642","   5.016","   3.526","   2.753","   2.319","   2.378","   2.902","   3.567","   4.831","   7.389","  11.617","  17.734","  25.909","  35.833","  47.259","  59.960","  73.750","  88.365"," 103.274"," 118.323"," 133.137"," 146.549"," 157.502"," 165.578"," 170.729"," 173.538"," 174.113"," 176.746"," 181.142"," 183.820"," 186.369"," 189.535"," 193.764"," 198.785"," 203.505"," 206.921"," 209.229"," 211.345"," 212.779"," 216.518"," 223.997"," 231.746"," 235.377"," 236.503"," 242.512"," 253.524"," 259.234"," 262.237"," 272.553"," 283.398"," 295.135"," 307.335"," 319.638"," 332.563"," 343.889"," 351.779"," 361.967"," 360.274"," 358.451"," 354.263"," 339.239"," 324.832"," 309.985"," 296.936"," 284.416"," 270.041"," 252.469"," 230.299"," 202.080"," 168.783"," 133.218","  98.693","  67.543","  40.459","  18.060","   3.789","  -0.169","   0.091","  -0.023","   0.004","   0.000","  -0.001","   0.000","   0.000","   0.000","   0.000","   0.000"
"0"," 229.137"," 230.465"," 229.780"," 229.569"," 233.001"," 243.812"," 261.602"," 275.308"," 283.106"," 293.199"," 304.467"," 311.928"," 318.685"," 321.809"," 318.830"," 320.686"," 311.621"," 302.775"," 298.259"," 289.254"," 285.505"," 280.597"," 275.623"," 273.980"," 274.543"," 276.880"," 284.932"," 292.653"," 297.781"," 303.301"," 305.164"," 304.351"," 302.788"," 303.499"," 308.284"," 315.908"," 331.346"," 348.692"," 364.639"," 380.335"," 388.723"," 386.514"," 374.888"," 357.169"," 337.229"," 319.353"," 308.045"," 302.824"," 303.907"," 312.704"," 326.357"," 341.945"," 361.348"," 377.869"," 385.234"," 395.339"," 406.210"," 417.751"," 429.773"," 445.300"," 471.948"," 491.045"," 513.611"," 537.613"," 551.903"," 578.035"," 596.332"," 612.242"," 634.430"," 654.392"," 666.267"," 680.183"," 689.993"," 699.051"," 715.692"," 728.821"," 757.805"," 770.555"," 765.695"," 774.215"," 773.565"," 756.638"," 741.481"," 728.723"," 703.652"," 673.318"," 637.853"," 594.345"," 541.833"," 479.858"," 407.565"," 334.153"," 257.447"," 181.732"," 119.195","  70.927","  38.041","  17.896","   6.790","   2.150"
"0"," 270.791"," 267.770"," 259.319"," 247.372"," 232.701"," 216.124"," 198.890"," 182.480"," 167.931"," 154.590"," 143.447"," 133.608"," 124.996"," 117.965"," 112.481"," 108.472"," 105.617"," 103.727"," 102.661"," 101.323"," 100.621"," 100.754"," 102.356"," 105.112"," 109.240"," 114.344"," 119.507"," 124.517"," 129.475"," 134.461"," 138.529"," 144.491"," 149.481"," 153.648"," 157.689"," 161.027"," 163.774"," 166.459"," 168.913"," 171.137"," 174.920"," 179.571"," 185.163"," 192.519"," 201.629"," 212.817"," 226.277"," 243.708"," 268.097"," 298.437"," 335.904"," 376.377"," 420.272"," 459.736"," 494.836"," 526.953"," 554.160"," 577.281"," 596.200"," 611.120"," 622.290"," 631.872"," 639.976"," 653.140"," 677.435"," 703.146"," 727.314"," 754.283"," 774.963"," 788.947"," 786.564"," 778.296"," 766.640"," 752.642"," 744.048"," 740.414"," 732.411"," 717.879"," 695.864"," 657.297"," 610.446"," 552.938"," 490.336"," 426.483"," 363.765"," 306.421"," 257.027"," 215.451"," 181.671"," 154.168"," 128.618"," 105.890","  85.558","  67.651","  54.056","  44.043","  36.609","  31.959","  28.219","  25.086"
"0","  69.228","  69.584","  67.868","  66.944","  68.558","  71.744","  73.563","  74.158","  72.983","  68.841","  63.540","  56.774","  49.688","  44.164","  40.851","  39.026","  39.062","  41.188","  44.804","  48.919","  52.857","  55.685","  56.835","  55.789","  52.615","  48.678","  44.711","  41.429","  39.629","  39.548","  40.675","  43.374","  46.118","  50.660","  56.775","  56.260","  56.164","  56.060","  54.633","  54.031","  53.557","  54.306","  55.909","  58.624","  63.462","  69.932","  78.540","  89.115"," 102.618"," 121.370"," 146.409"," 175.861"," 207.417"," 245.275"," 287.242"," 315.490"," 344.250"," 375.343"," 405.520"," 437.454"," 472.766"," 509.914"," 546.824"," 581.476"," 611.832"," 636.200"," 654.366"," 670.847"," 691.832"," 721.087"," 759.157"," 806.282"," 854.604"," 912.195"," 986.926","1054.886","1119.094","1180.751","1232.220","1266.239","1282.024","1273.932","1238.788","1172.417","1072.110"," 946.713"," 814.921"," 681.354"," 552.392"," 431.479"," 305.561"," 194.195"," 106.809","  40.320","   3.310","  12.070","  14.016","   5.838","   2.211","   0.000"
"0","  75.235","  70.518","  68.654","  68.236","  70.371","  74.411","  78.538","  84.057","  89.682","  96.192"," 100.726"," 102.746"," 103.811"," 104.854"," 105.187"," 104.001"," 101.582","  95.726","  87.090","  76.161","  65.872","  56.415","  46.306","  37.976","  33.987","  33.513","  36.200","  42.321","  51.639","  64.476","  80.730","  99.242"," 120.128"," 144.421"," 170.493"," 200.373"," 231.834"," 260.529"," 293.348"," 333.921"," 372.362"," 409.227"," 440.464"," 464.140"," 480.789"," 492.391"," 501.519"," 510.339"," 518.717"," 523.584"," 522.814"," 517.767"," 512.385"," 511.129"," 517.683"," 533.534"," 557.014"," 584.423"," 613.622"," 646.154"," 679.047"," 718.647"," 758.664"," 788.698"," 816.434"," 850.875"," 885.739"," 928.883"," 953.960"," 972.387"," 983.532"," 979.728"," 963.202"," 934.322"," 897.353"," 857.559"," 816.302"," 768.858"," 709.794"," 639.220"," 560.026"," 477.150"," 397.285"," 320.486"," 250.532"," 191.800"," 145.011"," 109.260","  81.795","  61.338","  48.294","  38.509","  31.999","  26.725","  21.166","  15.101","   9.348","   4.777","   1.603","   0.000"
"0"," 123.290"," 120.070"," 116.090"," 111.234"," 105.720"," 100.118","  94.472","  88.291","  82.426","  78.337","  76.295","  75.279","  75.274","  76.186","  78.137","  80.611","  82.339","  83.481","  84.228","  85.329","  85.307","  83.145","  82.198","  81.644","  81.520","  81.877","  83.334","  86.123","  87.231","  89.349","  93.034","  97.498"," 102.854"," 109.147"," 115.646"," 120.848"," 126.691"," 132.868"," 136.347"," 140.636"," 146.032"," 152.585"," 161.873"," 174.709"," 188.648"," 201.395"," 218.888"," 237.768"," 253.499"," 267.586"," 277.315"," 281.365"," 280.163"," 274.859"," 269.617"," 268.123"," 263.867"," 264.508"," 272.010"," 284.001"," 300.338"," 319.744"," 341.737"," 363.758"," 382.705"," 399.125"," 415.334"," 427.340"," 434.375"," 437.576"," 438.169"," 437.253"," 436.206"," 436.358"," 436.662"," 438.750"," 439.189"," 431.082"," 422.026"," 411.641"," 397.646"," 380.052"," 360.578"," 341.118"," 322.811"," 302.830"," 283.093"," 266.579"," 252.067"," 238.635"," 226.163"," 212.244"," 198.615"," 185.784"," 167.184"," 144.314"," 119.058","  94.107","  71.399","  50.954"
"0"," 121.230"," 128.851"," 138.186"," 147.623"," 155.826"," 162.068"," 165.692"," 166.166"," 163.362"," 157.386"," 148.078"," 136.435"," 122.783"," 107.848","  93.456","  79.256","  66.442","  54.605","  43.478","  36.157","  32.660","  33.143","  37.867","  46.624","  59.165","  75.137","  92.644"," 110.501"," 128.368"," 143.408"," 155.454"," 163.677"," 167.395"," 168.297"," 168.949"," 172.464"," 180.107"," 192.122"," 209.126"," 228.745"," 249.786"," 270.849"," 289.614"," 304.614"," 315.734"," 323.975"," 331.305"," 339.810"," 350.190"," 361.916"," 374.232"," 386.449"," 397.736"," 407.044"," 414.177"," 420.502"," 427.428"," 435.522"," 446.676"," 454.407"," 468.655"," 501.222"," 533.900"," 573.620"," 619.934"," 670.934"," 730.379"," 795.743"," 868.299"," 945.765","1028.978","1119.273","1197.619","1266.133","1326.688","1374.385","1405.673","1414.007","1398.204","1359.204","1294.968","1201.001","1080.704"," 944.361"," 802.485"," 666.729"," 551.405"," 442.305"," 336.005"," 238.661"," 153.130","  85.526","  33.957","  10.077","  13.588","  13.866","   9.020","   3.415","   0.083","   0.972"
"0","  44.763","  43.850","  43.894","  43.585","  42.301","  41.561","  41.525","  42.007","  43.299","  44.840","  46.130","  47.818","  50.827","  54.082","  56.986","  59.823","  62.947","  65.835","  68.502","  70.807","  72.533","  73.671","  73.266","  71.023","  67.388","  62.864","  57.818","  53.168","  49.631","  47.249","  46.414","  47.291","  49.691","  53.482","  59.089","  65.338","  74.150","  86.523","  93.245","  99.589"," 108.055"," 114.788"," 120.661"," 125.039"," 127.072"," 126.541"," 123.725"," 119.629"," 116.093"," 114.275"," 114.335"," 119.028"," 124.401"," 129.862"," 141.645"," 152.310"," 161.471"," 171.074"," 179.732"," 187.721"," 196.016"," 206.402"," 219.311"," 231.738"," 250.409"," 274.278"," 296.855"," 322.314"," 346.839"," 370.020"," 396.250"," 425.628"," 445.630"," 460.128"," 475.880"," 485.782"," 498.372"," 502.587"," 500.723"," 513.241"," 496.127"," 467.599"," 447.674"," 417.594"," 385.704"," 352.790"," 317.122"," 280.027"," 241.153"," 202.084"," 162.576"," 123.247","  90.426","  62.241","  38.294","  20.787","   9.551","   3.359","   0.694","   0.000"
"0"," 190.382"," 189.627"," 186.171"," 182.161"," 178.292"," 172.814"," 166.836"," 157.443"," 145.390"," 136.926"," 129.710"," 121.451"," 114.388"," 110.168"," 106.551"," 105.620"," 107.181"," 110.011"," 113.085"," 115.210"," 115.624"," 113.418"," 110.562"," 108.658"," 103.630","  99.089","  97.780"," 101.531"," 112.470"," 129.864"," 153.385"," 181.145"," 211.415"," 243.989"," 276.982"," 311.565"," 346.157"," 373.822"," 392.123"," 421.807"," 454.977"," 484.762"," 519.404"," 559.907"," 607.573"," 661.308"," 722.886"," 792.228"," 855.901"," 921.794"," 989.665","1037.738","1048.534","1052.406","1049.941","1035.563","1011.094"," 977.698"," 939.920"," 904.091"," 874.938"," 853.237"," 835.945"," 819.509"," 800.560"," 779.406"," 756.101"," 727.215"," 721.270"," 744.148"," 782.086"," 829.933"," 892.459"," 968.933","1042.961","1096.928","1126.708","1125.552","1095.709","1042.764"," 972.172"," 890.571"," 800.488"," 706.175"," 606.649"," 498.513"," 389.740"," 286.196"," 192.834"," 115.017","  55.864","  13.911","  -0.904","   0.390","  -0.031","  -0.035","   0.023","  -0.010","   0.005","   0.000"
"0"," 138.461"," 139.053"," 135.979"," 132.412"," 128.409"," 122.939"," 120.892"," 122.898"," 125.243"," 124.031"," 118.232"," 110.067"," 102.485","  94.468","  88.554","  86.045","  84.997","  85.080","  88.544","  92.816","  96.564","  99.888"," 102.779"," 105.440"," 107.183"," 103.120","  97.316","  92.904","  87.554","  82.109","  77.574","  75.237","  76.526","  81.426","  89.011","  99.877"," 115.160"," 132.961"," 152.845"," 175.588"," 201.733"," 232.423"," 267.487"," 305.988"," 346.564"," 387.083"," 426.014"," 464.380"," 503.212"," 548.820"," 601.070"," 654.670"," 713.503"," 786.787"," 847.995"," 905.081"," 962.033","1017.152","1079.446","1137.715","1196.560","1261.363","1334.142","1411.712","1484.445","1543.227","1582.480","1603.908","1614.730","1621.888","1627.623","1630.363","1626.776","1616.277","1603.803","1594.286","1584.873","1567.698","1536.156","1490.002","1426.271","1359.001","1319.807","1269.336","1190.098","1097.180"," 998.690"," 883.649"," 749.547"," 606.071"," 452.423"," 307.086"," 186.915","  92.802","  34.434","   6.298","  -0.578","   0.260","  -0.115","   0.000"
"0"," 143.697"," 141.946"," 136.940"," 137.197"," 142.693"," 143.855"," 135.335"," 123.308"," 105.104","  85.414","  67.523","  52.358","  40.883","  32.904","  27.960","  25.662","  25.146","  26.221","  28.788","  31.800","  34.819","  39.274","  44.130","  50.136","  58.254","  66.365","  75.824","  89.347"," 101.496"," 113.469"," 125.239"," 136.471"," 146.436"," 154.647"," 161.729"," 168.717"," 176.373"," 184.446"," 192.486"," 199.768"," 207.753"," 219.123"," 232.104"," 241.127"," 248.017"," 258.093"," 263.659"," 262.136"," 259.361"," 253.575"," 248.088"," 244.028"," 243.323"," 251.470"," 260.522"," 266.537"," 283.714"," 304.438"," 320.895"," 337.582"," 355.537"," 372.938"," 388.478"," 400.205"," 408.420"," 413.848"," 420.882"," 422.697"," 431.969"," 452.939"," 466.358"," 482.560"," 497.208"," 508.737"," 516.290"," 514.519"," 502.264"," 482.705"," 453.515"," 419.334"," 381.164"," 345.177"," 309.134"," 268.462"," 225.781"," 182.976"," 142.483"," 104.066","  69.626","  41.331","  20.103","   6.528","   0.631","  -0.061","   0.034","  -0.013","   0.004","  -0.001","   0.000","   0.000"
"0","  67.758","  67.051","  65.749","  63.153","  58.931","  53.627","  47.646","  40.775","  32.852","  24.701","  17.877","  12.815","   9.337","   7.214","   6.007","   5.627","   6.024","   7.131","   9.040","  12.144","  16.934","  23.987","  33.841","  46.761","  62.844","  82.761"," 105.762"," 129.468"," 154.406"," 179.332"," 203.153"," 225.987"," 247.854"," 268.524"," 287.336"," 303.529"," 316.620"," 326.360"," 332.428"," 335.409"," 336.508"," 336.550"," 336.691"," 337.843"," 340.681"," 345.771"," 353.393"," 363.106"," 373.514"," 382.867"," 389.760"," 392.800"," 393.149"," 392.977"," 393.487"," 394.900"," 398.059"," 404.709"," 418.297"," 440.979"," 464.851"," 496.662"," 539.260"," 585.404"," 636.394"," 687.212"," 734.814"," 779.176"," 818.588"," 848.467"," 868.098"," 874.411"," 867.450"," 858.634"," 833.588"," 794.991"," 752.320"," 700.508"," 640.641"," 582.211"," 525.599"," 464.491"," 402.606"," 341.402"," 282.436"," 226.654"," 174.119"," 127.265","  85.971","  52.117","  28.027","  11.666","   2.745","  -0.072","   0.031","   0.014","  -0.012","   0.005","  -0.003","   0.000"
"0","  90.934","  90.531","  88.539","  85.270","  80.930","  75.540","  69.151","  62.235","  55.461","  48.602","  43.242","  38.933","  35.150","  32.499","  30.510","  29.110","  28.883","  29.126","  29.918","  31.624","  34.468","  38.886","  45.391","  54.361","  65.979","  80.737","  96.688"," 114.364"," 134.348"," 155.563"," 179.734"," 205.852"," 239.055"," 270.377"," 303.599"," 337.867"," 371.367"," 406.764"," 424.386"," 443.794"," 460.264"," 471.610"," 480.157"," 486.235"," 489.134"," 487.009"," 478.431"," 463.677"," 444.358"," 423.051"," 401.924"," 384.693"," 372.393"," 365.049"," 376.102"," 386.835"," 397.769"," 406.738"," 410.808"," 412.099"," 409.310"," 403.442"," 396.716"," 391.716"," 392.173"," 394.484"," 403.360"," 423.386"," 442.531"," 467.075"," 509.522"," 521.421"," 531.035"," 558.423"," 582.676"," 602.769"," 624.621"," 638.572"," 646.895"," 646.866"," 635.665"," 611.514"," 573.908"," 526.237"," 472.708"," 415.079"," 353.800"," 296.086"," 238.915"," 182.436"," 132.450","  87.182","  50.884","  25.379","   8.752","   1.125","  -0.185","   0.052","  -0.020","   0.000"
"0","  74.634","  72.748","  73.314","  73.027","  70.873","  70.371","  72.866","  75.590","  76.500","  76.432","  74.601","  71.404","  67.609","  63.620","  59.532","  55.535","  52.138","  49.284","  46.625","  44.575","  43.934","  43.147","  42.268","  43.171","  45.203","  47.938","  52.209","  57.856","  63.974","  72.390","  81.825","  91.704"," 101.837"," 110.688"," 117.418"," 121.410"," 122.591"," 121.189"," 117.224"," 110.885"," 103.119","  95.267","  88.420","  82.996","  78.862","  75.632","  73.176","  71.736","  71.429","  72.071","  73.502","  75.544","  77.970","  80.866","  84.513","  89.137","  94.770"," 101.266"," 108.405"," 116.087"," 124.090"," 132.044"," 139.794"," 147.785"," 156.312"," 165.091"," 173.563"," 181.159"," 185.627"," 190.946"," 198.880"," 204.510"," 210.370"," 218.510"," 228.543"," 239.442"," 250.543"," 258.954"," 264.371"," 267.319"," 266.558"," 260.202"," 252.128"," 242.487"," 230.450"," 217.163"," 202.632"," 184.504"," 163.768"," 141.534"," 116.942","  92.298","  66.401","  41.635","  23.132","  11.832","   2.879","  -0.858","   0.471","   0.000"
"0","  79.407","  78.725","  77.839","  76.263","  73.808","  71.487","  69.389","  66.724","  63.699","  61.582","  61.512","  63.203","  67.034","  72.458","  80.143","  88.099","  98.543"," 106.921"," 113.807"," 120.295"," 123.432"," 123.958"," 122.066"," 118.106"," 113.143"," 107.925"," 103.014","  98.434","  94.389","  90.577","  86.988","  83.455","  80.669","  79.580","  79.882","  81.250","  82.548","  83.229","  82.964","  81.445","  79.170","  76.732","  74.858","  74.445","  75.510","  77.926","  80.865","  83.874","  88.925","  94.242"," 100.742"," 103.805"," 107.609"," 111.549"," 113.538"," 113.542"," 111.423"," 108.589"," 105.085"," 100.906"," 100.896"," 105.199"," 115.338"," 131.413"," 161.334"," 202.293"," 251.580"," 307.803"," 372.499"," 433.307"," 482.257"," 537.621"," 592.424"," 621.485"," 657.047"," 679.481"," 705.174"," 727.744"," 741.743"," 747.215"," 737.423"," 710.552"," 672.188"," 625.451"," 574.116"," 523.957"," 477.000"," 436.070"," 393.289"," 349.350"," 302.703"," 251.212"," 198.430"," 149.348"," 107.205","  72.274","  44.677","  26.067","  14.427","   9.612"
"1"," 218.464"," 213.598"," 210.482"," 206.739"," 200.733"," 192.966"," 185.405"," 175.353"," 162.008"," 152.237"," 145.468"," 141.257"," 140.500"," 143.598"," 149.363"," 157.482"," 166.309"," 174.113"," 180.782"," 185.605"," 188.683"," 191.142"," 194.038"," 197.147"," 200.531"," 204.622"," 209.743"," 216.088"," 224.616"," 236.103"," 252.296"," 272.917"," 294.084"," 323.150"," 357.759"," 393.956"," 434.225"," 473.532"," 514.008"," 556.692"," 599.968"," 643.762"," 680.914"," 706.227"," 723.250"," 739.314"," 751.008"," 756.893"," 757.428"," 753.637"," 746.798"," 737.314"," 725.834"," 713.297"," 700.462"," 687.572"," 674.840"," 663.563"," 655.799"," 653.273"," 656.892"," 666.993"," 683.203"," 704.601"," 730.226"," 758.727"," 788.116"," 817.560"," 846.274"," 868.512"," 899.029"," 929.064"," 938.979"," 955.653"," 975.474"," 996.303","1021.327","1047.244","1069.644","1092.191","1108.863","1109.630","1100.288","1076.772","1043.783","1004.160"," 951.185"," 889.958"," 831.968"," 771.113"," 694.385"," 611.823"," 543.282"," 473.621"," 399.783"," 343.683"," 282.289"," 221.224"," 166.801"," 113.103"
"1"," 225.282"," 226.425"," 223.139"," 214.937"," 203.980"," 190.348"," 175.875"," 161.223"," 148.912"," 140.959"," 133.945"," 128.421"," 125.503"," 125.764"," 125.348"," 124.450"," 122.850"," 119.647"," 116.524"," 112.647"," 108.233"," 103.190","  98.052","  92.196","  85.675","  83.787","  87.862"," 102.065"," 131.803"," 184.091"," 267.682"," 386.093"," 536.289"," 714.481"," 909.341","1113.423","1307.540","1455.616","1541.822","1565.145","1507.985","1366.486","1168.377"," 956.632"," 764.498"," 601.710"," 469.744"," 380.141"," 321.108"," 298.323"," 309.824"," 344.563"," 409.368"," 499.003"," 606.585"," 725.917"," 842.106"," 950.733","1034.284","1088.261","1103.357","1079.981","1032.430"," 979.017"," 933.488"," 901.187"," 880.509"," 867.393"," 859.167"," 854.514"," 853.362"," 858.686"," 866.795"," 894.896"," 923.027"," 945.641"," 942.753"," 941.284"," 946.790"," 954.644"," 979.282","1021.049","1080.717","1139.268","1204.720","1275.311","1310.093","1296.918","1229.870","1099.501"," 948.991"," 790.003"," 645.200"," 523.756"," 416.621"," 325.875"," 245.189"," 187.380"," 135.935","  95.907"
"1"," 304.027"," 301.693"," 290.773"," 277.329"," 265.475"," 255.290"," 247.424"," 240.562"," 234.643"," 231.631"," 229.677"," 227.148"," 225.681"," 226.208"," 226.242"," 226.305"," 226.647"," 226.250"," 225.675"," 227.991"," 230.412"," 231.759"," 232.091"," 231.351"," 229.917"," 227.271"," 225.792"," 226.108"," 226.001"," 227.275"," 229.874"," 234.188"," 240.558"," 247.937"," 255.759"," 263.792"," 271.695"," 278.884"," 285.059"," 291.359"," 298.794"," 307.829"," 318.061"," 328.606"," 341.047"," 354.211"," 366.279"," 376.770"," 384.744"," 391.720"," 395.816"," 398.243"," 406.350"," 420.491"," 441.903"," 470.456"," 507.874"," 556.624"," 602.510"," 651.331"," 708.180"," 767.430"," 828.084"," 893.852"," 951.972","1001.715","1055.029","1096.411","1125.749","1143.986","1151.998","1155.825","1161.309","1170.870","1182.031","1189.346","1188.267","1177.752","1157.222","1126.601","1084.026","1027.360"," 970.141"," 912.048"," 846.600"," 774.091"," 698.902"," 621.490"," 545.964"," 474.695"," 405.779"," 342.793"," 282.984"," 229.763"," 186.670"," 149.107"," 120.324","  99.327","  84.024","  73.930"
"1"," 291.195"," 284.362"," 276.616"," 270.055"," 263.117"," 252.122"," 238.887"," 222.908"," 205.420"," 188.103"," 172.881"," 162.397"," 157.574"," 159.185"," 170.275"," 192.754"," 229.189"," 283.957"," 355.666"," 443.708"," 540.104"," 636.290"," 731.052"," 824.233"," 907.386"," 994.667","1071.680","1130.349","1180.567","1213.923","1224.865","1214.456","1188.631","1153.607","1113.872","1073.643","1036.400","1003.003"," 973.747"," 948.455"," 925.659"," 903.499"," 881.706"," 860.405"," 840.019"," 820.423"," 800.742"," 780.813"," 762.167"," 749.886"," 748.753"," 765.222"," 800.860"," 841.046"," 883.294"," 920.202"," 951.669"," 972.636"," 976.237"," 989.715","1004.782","1022.932","1047.097","1072.854","1097.340","1118.473","1138.318","1159.016","1181.148","1204.292","1228.055","1252.518","1276.632","1299.554","1319.889","1334.983","1341.145","1334.178","1314.001","1281.172","1243.974","1209.539","1171.162","1132.343","1093.739","1051.085"," 988.692"," 903.409"," 821.024"," 723.348"," 619.198"," 518.554"," 423.874"," 338.525"," 261.376"," 191.297"," 136.141","  95.844","  66.261","  49.413"
"1"," 121.122"," 115.200"," 107.091","  97.771","  88.162","  79.155","  71.402","  64.967","  60.579","  57.200","  55.660","  56.752","  59.373","  63.973","  69.542","  75.483","  82.365","  89.577","  94.962","  97.477","  97.210","  90.576","  83.225","  75.720","  67.817","  62.705","  59.443","  58.411","  59.125","  61.315","  65.041","  69.915","  75.300","  81.101","  86.865","  92.227","  96.725"," 100.401"," 103.482"," 106.464"," 110.877"," 115.944"," 126.424"," 140.767"," 157.659"," 178.558"," 199.674"," 221.392"," 241.353"," 257.876"," 269.691"," 277.243"," 281.683"," 283.469"," 290.959"," 300.903"," 309.572"," 319.005"," 330.193"," 340.034"," 348.811"," 355.804"," 362.791"," 365.977"," 372.415"," 391.687"," 415.453"," 449.909"," 493.404"," 547.572"," 601.920"," 652.075"," 707.617"," 760.648"," 806.559"," 848.080"," 881.135"," 907.000"," 927.897"," 933.985"," 924.246"," 916.618"," 890.308"," 844.313"," 800.008"," 758.144"," 702.818"," 643.573"," 580.014"," 522.213"," 462.928"," 394.210"," 329.574"," 274.834"," 226.830"," 178.412"," 128.977","  82.785","  44.823","  20.512"
"1"," 155.414"," 153.670"," 149.112"," 142.394"," 134.348"," 126.306"," 118.749"," 111.456"," 104.653"," 100.086","  96.664","  93.750","  92.155","  91.236","  90.421","  89.525","  88.727","  88.327","  87.937","  87.211","  86.058","  84.561","  83.339","  82.141","  80.813","  80.331","  80.844","  81.907","  83.250","  85.009","  86.872","  88.954","  91.223","  93.447","  96.243","  99.693"," 103.620"," 108.186"," 113.983"," 120.186"," 126.456"," 133.055"," 139.445"," 145.609"," 152.362"," 160.661"," 170.857"," 183.517"," 198.993"," 217.291"," 238.068"," 260.581"," 285.104"," 310.833"," 335.016"," 356.827"," 376.789"," 396.310"," 415.645"," 432.115"," 456.097"," 489.976"," 523.982"," 556.955"," 591.695"," 626.298"," 658.975"," 696.293"," 727.811"," 753.716"," 781.547"," 806.353"," 821.764"," 830.121"," 832.520"," 824.431"," 823.066"," 812.660"," 783.169"," 756.864"," 725.358"," 687.126"," 641.934"," 586.228"," 528.561"," 472.402"," 416.480"," 359.752"," 305.233"," 256.616"," 213.948"," 175.176"," 141.025"," 111.939","  86.676","  64.293","  46.152","  31.586","  20.458","  13.516"
"1","  73.052","  72.294","  70.658","  68.314","  65.328","  61.620","  57.788","  53.870","  49.646","  45.620","  42.502","  40.459","  39.702","  40.417","  42.012","  44.704","  48.355","  52.740","  57.978","  63.273","  68.034","  71.700","  73.994","  75.163","  73.465","  72.033","  72.953","  72.970","  73.951","  76.832","  81.443","  86.917","  91.808","  97.027"," 103.676"," 110.829"," 117.181"," 126.188"," 137.253"," 150.485"," 166.451"," 183.250"," 204.708"," 227.603"," 248.371"," 271.576"," 303.129"," 327.224"," 344.560"," 365.991"," 384.291"," 399.241"," 409.973"," 415.311"," 415.535"," 410.577"," 400.759"," 387.360"," 372.089"," 356.251"," 341.261"," 331.702"," 327.876"," 331.865"," 358.771"," 392.046"," 437.729"," 496.839"," 539.752"," 588.580"," 647.253"," 696.830"," 728.963"," 768.460"," 805.805"," 834.610"," 855.788"," 865.683"," 862.528"," 844.269"," 812.676"," 769.381"," 712.892"," 663.717"," 621.871"," 578.225"," 535.357"," 495.135"," 452.458"," 403.698"," 351.674"," 301.889"," 252.027"," 203.933"," 159.895"," 119.568","  86.504","  59.894","  38.829","  24.083"
"1"," 429.316"," 442.337"," 434.735"," 424.736"," 423.091"," 426.040"," 423.436"," 417.121"," 404.323"," 390.567"," 378.620"," 368.534"," 362.664"," 358.570"," 352.980"," 341.267"," 327.918"," 317.850"," 307.545"," 294.023"," 284.462"," 275.563"," 266.915"," 259.611"," 253.745"," 251.895"," 258.391"," 271.060"," 293.241"," 327.645"," 375.718"," 436.758"," 506.358"," 578.831"," 650.554"," 720.388"," 786.476"," 848.753"," 914.866"," 981.094","1017.767","1056.899","1087.142","1099.202","1098.057","1085.828","1069.630","1056.509","1049.686","1050.241","1057.306","1066.776","1072.215","1069.147","1058.380","1044.108","1031.859","1025.304","1024.255","1027.148","1035.272","1048.909","1067.266","1084.374","1093.821","1095.779","1097.361","1107.105","1125.072","1148.844","1170.329","1182.329","1188.253","1195.199","1198.617","1195.101","1188.762","1174.800","1149.223","1118.269","1075.524","1033.640"," 995.428"," 951.397"," 896.192"," 835.892"," 775.895"," 708.867"," 635.448"," 555.123"," 473.733"," 399.648"," 335.620"," 282.424"," 235.642"," 191.562"," 158.823"," 134.658"," 112.359"," 104.883"
"1"," 485.444"," 481.938"," 473.961"," 463.000"," 450.935"," 440.285"," 427.438"," 408.520"," 383.790"," 354.551"," 323.605"," 292.195"," 261.581"," 237.468"," 216.915"," 199.540"," 188.447"," 181.549"," 176.995"," 173.770"," 170.332"," 164.474"," 158.942"," 156.480"," 159.553"," 171.346"," 192.827"," 224.965"," 268.867"," 323.387"," 381.582"," 442.694"," 504.672"," 560.714"," 608.992"," 647.556"," 674.710"," 689.862"," 693.328"," 686.911"," 672.621"," 651.557"," 623.819"," 591.076"," 556.528"," 523.065"," 491.411"," 461.356"," 432.042"," 402.993"," 375.381"," 352.431"," 336.950"," 330.691"," 334.340"," 347.448"," 370.748"," 402.516"," 439.010"," 481.393"," 526.692"," 573.704"," 623.928"," 674.795"," 724.840"," 769.103"," 803.617"," 833.809"," 859.280"," 880.348"," 899.475"," 917.830"," 934.501"," 948.416"," 958.429"," 963.311"," 963.749"," 959.186"," 948.726"," 931.978"," 906.575"," 868.062"," 815.651"," 753.797"," 685.591"," 611.094"," 530.905"," 448.207"," 367.510"," 291.802"," 224.277"," 167.801"," 122.351","  85.952","  57.627","  37.619","  25.596","  19.023","  16.285","  16.899"
"1","  98.959"," 100.169","  99.816","  99.201","  99.151","  99.678"," 100.599"," 100.909"," 101.081"," 101.863"," 102.623"," 103.525"," 104.881"," 105.827"," 105.574"," 104.530"," 103.220"," 101.504","  99.887","  98.677","  97.596","  96.757","  96.704","  97.166","  98.738"," 102.002"," 106.631"," 115.091"," 127.862"," 146.357"," 172.148"," 205.125"," 245.352"," 290.755"," 338.893"," 386.049"," 427.686"," 461.585"," 486.406"," 503.608"," 515.390"," 523.470"," 529.783"," 535.077"," 538.690"," 538.517"," 532.370"," 519.725"," 501.983"," 482.279"," 463.125"," 445.931"," 431.763"," 421.669"," 416.919"," 418.216"," 426.204"," 440.666"," 459.106"," 480.889"," 506.463"," 535.121"," 564.163"," 589.547"," 606.640"," 613.502"," 611.270"," 602.807"," 591.377"," 580.429"," 573.391"," 575.324"," 590.354"," 613.365"," 630.087"," 655.839"," 684.451"," 701.614"," 710.084"," 717.489"," 714.386"," 701.031"," 676.101"," 637.746"," 594.753"," 544.942"," 491.584"," 435.114"," 378.232"," 329.098"," 281.452"," 236.701"," 195.877"," 158.958"," 127.116","  98.999","  74.780","  53.754","  35.504","  20.904"
"1"," 134.361"," 134.242"," 132.447"," 128.922"," 123.902"," 118.182"," 111.704"," 104.855","  98.060","  91.223","  85.833","  82.339","  80.184","  79.163","  80.171","  82.408","  85.587","  90.010","  95.349"," 100.628"," 105.309"," 108.856"," 110.868"," 111.715"," 111.163"," 109.789"," 108.163"," 106.399"," 106.085"," 106.153"," 106.314"," 108.741"," 115.353"," 123.651"," 133.286"," 144.961"," 157.952"," 171.957"," 186.117"," 202.506"," 221.733"," 239.121"," 261.609"," 289.027"," 319.517"," 353.072"," 380.693"," 405.279"," 427.677"," 446.284"," 465.541"," 486.695"," 510.971"," 538.917"," 569.381"," 600.791"," 632.899"," 666.386"," 701.753"," 738.265"," 774.008"," 808.924"," 843.702"," 878.163"," 910.689"," 937.470"," 954.988"," 963.001"," 965.341"," 966.279"," 968.477"," 972.558"," 978.023"," 984.350"," 989.298"," 989.468"," 983.253"," 970.834"," 949.542"," 926.799"," 901.268"," 865.363"," 827.726"," 803.817"," 777.167"," 736.800"," 699.401"," 656.719"," 605.212"," 544.793"," 473.493"," 391.213"," 313.776"," 244.081"," 180.462"," 127.432","  85.725","  54.931","  33.750","  20.260"
"1"," 440.003"," 439.795"," 433.067"," 424.928"," 427.565"," 448.284"," 466.149"," 478.261"," 490.397"," 505.338"," 517.333"," 522.111"," 531.398"," 536.723"," 536.239"," 537.806"," 542.649"," 543.264"," 543.426"," 541.707"," 536.918"," 530.647"," 526.289"," 527.269"," 534.208"," 545.930"," 562.458"," 584.659"," 612.947"," 646.725"," 683.831"," 721.713"," 757.428"," 788.787"," 814.835"," 834.798"," 847.551"," 852.738"," 850.828"," 842.819"," 829.886"," 813.214"," 794.310"," 774.850"," 756.100"," 738.336"," 721.885"," 708.899"," 701.283"," 697.848"," 696.613"," 694.862"," 693.255"," 699.868"," 711.219"," 737.346"," 762.748"," 776.346"," 800.047"," 826.316"," 837.760"," 845.098"," 865.098"," 882.638"," 874.966"," 879.432"," 891.897"," 902.721"," 926.886"," 959.156"," 966.078"," 987.797","1020.161","1050.241","1080.436","1112.058","1134.737","1151.855","1161.397","1159.252","1147.528","1125.546","1085.195","1040.705"," 992.420"," 944.146"," 889.894"," 821.444"," 754.426"," 682.738"," 612.130"," 542.326"," 470.206"," 396.448"," 319.641"," 255.045"," 198.339"," 148.808"," 110.529","  80.229"
"1"," 386.158"," 383.237"," 379.046"," 371.518"," 362.298"," 352.986"," 339.382"," 317.119"," 289.575"," 257.166"," 225.394"," 199.105"," 177.408"," 159.461"," 148.241"," 143.682"," 142.624"," 144.128"," 146.264"," 147.215"," 148.075"," 149.120"," 148.765"," 151.310"," 155.557"," 161.752"," 171.279"," 183.377"," 196.023"," 207.961"," 218.214"," 226.403"," 233.024"," 238.360"," 242.684"," 246.871"," 252.771"," 262.571"," 277.396"," 297.333"," 321.591"," 349.038"," 378.245"," 406.157"," 429.262"," 446.123"," 456.803"," 463.410"," 466.781"," 467.870"," 467.557"," 466.211"," 463.565"," 459.116"," 454.972"," 455.903"," 465.904"," 486.035"," 514.447"," 546.927"," 577.857"," 601.845"," 615.038"," 618.329"," 615.771"," 612.183"," 611.763"," 615.351"," 624.257"," 646.506"," 677.670"," 716.224"," 757.354"," 800.244"," 843.415"," 879.076"," 905.630"," 929.484"," 946.906"," 963.784"," 985.646","1007.582","1030.665","1054.178","1056.756","1050.203","1015.330"," 944.591"," 849.651"," 745.556"," 637.961"," 525.179"," 414.731"," 320.250"," 242.613"," 180.923"," 136.791"," 108.561","  92.159","  87.033"
"1"," 371.503"," 370.774"," 365.188"," 364.487"," 364.556"," 352.872"," 345.475"," 339.201"," 332.243"," 331.519"," 341.773"," 357.972"," 375.468"," 396.511"," 417.607"," 433.751"," 448.731"," 466.140"," 476.773"," 481.080"," 481.580"," 476.196"," 466.375"," 455.750"," 449.520"," 450.563"," 458.392"," 470.557"," 483.836"," 495.277"," 502.816"," 507.029"," 510.505"," 515.347"," 522.788"," 533.554"," 547.651"," 564.684"," 584.086"," 604.980"," 626.900"," 649.496"," 672.493"," 695.974"," 719.991"," 743.119"," 763.344"," 779.355"," 790.656"," 796.994"," 798.246"," 795.422"," 790.074"," 784.003"," 778.408"," 774.136"," 773.844"," 779.827"," 792.770"," 812.092"," 836.119"," 861.603"," 884.372"," 902.277"," 915.335"," 925.367"," 935.281"," 947.503"," 963.818"," 987.236","1015.702","1045.578","1077.883","1104.344","1130.874","1160.480","1189.893","1217.879","1244.016","1266.851","1283.880","1293.000","1294.303","1290.983","1288.214","1290.023","1297.866","1307.955","1311.607","1300.254","1267.544","1210.332","1129.778","1032.294"," 921.095"," 784.392"," 642.827"," 501.188"," 358.488"," 230.032"
"1"," 428.475"," 419.738"," 405.321"," 386.228"," 363.155"," 341.340"," 318.556"," 295.341"," 272.659"," 252.377"," 237.203"," 225.933"," 219.110"," 215.502"," 215.255"," 214.203"," 217.684"," 221.410"," 222.883"," 224.791"," 226.155"," 229.144"," 229.484"," 230.109"," 235.015"," 245.551"," 265.871"," 296.688"," 342.183"," 401.302"," 457.602"," 518.573"," 580.442"," 637.580"," 691.027"," 740.351"," 788.266"," 838.780"," 894.285"," 955.082","1018.354","1082.425","1147.169","1210.624","1267.859","1310.425","1330.356","1324.760","1294.075","1245.535","1193.171","1150.229","1125.837","1106.982","1150.980","1176.528","1200.864","1246.792","1284.735","1315.674","1336.634","1346.364","1349.963","1352.562","1358.022","1366.438","1376.411","1376.257","1370.632","1356.973","1337.193","1330.098","1332.496","1339.510","1363.507","1395.560","1426.518","1460.896","1485.839","1495.677","1495.018","1480.944","1457.345","1434.858","1400.770","1352.212","1266.963","1152.038","1021.137"," 892.907"," 746.558"," 583.094"," 432.399"," 301.436"," 196.068"," 123.367","  79.006","  59.017","  56.076","  63.684"
"1"," 337.380"," 340.341"," 332.662"," 321.187"," 309.473"," 295.771"," 281.665"," 267.395"," 251.825"," 236.093"," 223.950"," 212.117"," 202.050"," 195.716"," 192.194"," 191.391"," 194.970"," 197.405"," 198.311"," 201.466"," 202.210"," 200.158"," 196.743"," 191.064"," 182.437"," 174.995"," 170.353"," 165.600"," 161.819"," 162.699"," 166.278"," 173.184"," 181.803"," 191.539"," 202.667"," 213.038"," 223.965"," 235.740"," 246.371"," 254.911"," 262.959"," 266.061"," 267.382"," 270.552"," 275.909"," 284.414"," 291.753"," 298.590"," 307.569"," 319.053"," 332.476"," 350.039"," 370.990"," 393.869"," 419.534"," 448.495"," 472.878"," 493.561"," 516.252"," 540.975"," 561.094"," 579.298"," 596.965"," 613.591"," 628.493"," 640.426"," 648.639"," 652.379"," 653.222"," 652.054"," 648.095"," 654.881"," 668.555"," 684.017"," 703.369"," 723.640"," 742.403"," 761.784"," 775.664"," 780.272"," 788.659"," 786.416"," 775.106"," 759.185"," 734.657"," 700.591"," 659.832"," 612.125"," 558.139"," 500.504"," 438.207"," 365.348"," 288.865"," 215.895"," 149.529","  96.003","  52.662","  31.637","  31.633","  28.367"
"1"," 234.244"," 241.424"," 239.980"," 235.386"," 229.521"," 221.690"," 211.678"," 199.997"," 187.792"," 176.060"," 165.308"," 156.768"," 150.253"," 146.279"," 144.922"," 144.453"," 145.481"," 146.227"," 146.716"," 146.198"," 144.826"," 141.477"," 137.930"," 136.462"," 132.630"," 129.600"," 127.089"," 125.736"," 125.703"," 127.158"," 130.309"," 134.922"," 142.111"," 153.095"," 163.283"," 175.984"," 188.533"," 199.648"," 207.282"," 214.141"," 228.386"," 242.017"," 251.216"," 263.978"," 274.712"," 281.767"," 285.956"," 286.094"," 282.827"," 276.707"," 272.063"," 270.863"," 270.908"," 275.583"," 282.997"," 295.653"," 316.540"," 338.450"," 367.919"," 389.398"," 412.493"," 434.998"," 453.080"," 468.901"," 482.888"," 497.485"," 517.295"," 536.288"," 558.390"," 578.461"," 591.971"," 600.672"," 605.774"," 606.735"," 605.141"," 601.066"," 594.460"," 584.389"," 569.306"," 556.341"," 539.907"," 515.645"," 501.725"," 487.223"," 472.039"," 457.591"," 439.008"," 411.096"," 378.650"," 342.626"," 294.900"," 243.476"," 195.477"," 149.273"," 110.166","  79.952","  57.571","  41.839","  30.448","  23.437"
"1"," 165.051"," 162.949"," 160.701"," 157.100"," 151.101"," 143.042"," 137.637"," 134.239"," 130.184"," 126.211"," 123.652"," 120.172"," 117.403"," 117.431"," 118.438"," 122.861"," 129.761"," 138.684"," 150.066"," 162.233"," 173.937"," 183.780"," 192.070"," 201.673"," 215.466"," 231.873"," 261.351"," 307.923"," 361.142"," 420.004"," 483.555"," 546.785"," 604.745"," 654.475"," 688.903"," 709.563"," 719.641"," 723.305"," 729.169"," 742.879"," 769.111"," 810.794"," 867.156"," 934.184","1010.719","1089.464","1165.760","1240.573","1307.517","1355.584","1386.168","1403.425","1403.666","1389.217","1366.206","1339.935","1313.059","1286.819","1263.612","1245.803","1234.195","1228.250","1227.526","1232.075","1246.048","1275.428","1321.109","1374.685","1433.461","1491.861","1543.215","1582.575","1602.122","1605.250","1591.073","1552.153","1484.665","1393.271","1285.977","1170.092","1051.491"," 934.886"," 821.611"," 720.693"," 636.806"," 563.086"," 492.172"," 427.615"," 369.687"," 318.120"," 274.594"," 232.991"," 193.530"," 157.655"," 126.182","  99.904","  76.294","  57.035","  42.663","  30.490"
"1"," 147.600"," 151.755"," 151.882"," 150.607"," 146.028"," 140.845"," 138.123"," 136.666"," 136.228"," 136.999"," 138.187"," 137.921"," 136.686"," 134.456"," 132.081"," 133.063"," 131.499"," 134.505"," 139.946"," 147.467"," 158.222"," 169.079"," 178.110"," 185.824"," 190.922"," 193.915"," 195.519"," 197.519"," 202.796"," 212.214"," 228.438"," 251.360"," 278.888"," 311.453"," 347.812"," 384.407"," 420.528"," 467.590"," 511.387"," 561.653"," 602.060"," 633.809"," 657.635"," 675.303"," 684.545"," 681.843"," 664.813"," 633.128"," 587.325"," 531.758"," 476.322"," 431.234"," 401.931"," 387.772"," 382.584"," 377.755"," 367.598"," 352.574"," 338.148"," 330.331"," 337.708"," 364.442"," 412.767"," 478.429"," 556.305"," 636.153"," 713.295"," 789.233"," 848.808"," 886.166"," 905.894"," 906.602"," 893.587"," 878.794"," 871.525"," 875.698"," 895.023"," 932.122"," 983.091","1041.519","1088.533","1113.208","1114.394","1085.714","1027.186"," 947.915"," 869.115"," 758.385"," 645.188"," 552.289"," 459.176"," 372.040"," 297.813"," 237.802"," 189.692"," 149.713"," 121.607","  97.682","  77.685","  63.728"
"1"," 483.768"," 493.596"," 501.243"," 505.299"," 504.753"," 500.773"," 494.375"," 485.808"," 475.448"," 462.913"," 447.630"," 429.724"," 410.713"," 389.572"," 367.190"," 349.176"," 333.860"," 321.832"," 315.078"," 310.603"," 311.191"," 315.939"," 318.828"," 320.465"," 320.219"," 316.377"," 309.003"," 302.812"," 298.659"," 293.783"," 286.270"," 275.593"," 263.299"," 251.988"," 242.911"," 238.610"," 238.783"," 240.966"," 252.257"," 270.254"," 290.744"," 319.327"," 352.859"," 388.730"," 427.250"," 467.090"," 505.827"," 540.778"," 569.610"," 590.762"," 603.708"," 608.794"," 607.366"," 602.734"," 595.084"," 586.480"," 586.860"," 588.302"," 584.866"," 581.835"," 584.868"," 588.402"," 595.075"," 618.491"," 634.162"," 650.878"," 686.517"," 719.100"," 755.981"," 802.343"," 850.530"," 898.041"," 950.547","1005.854","1054.338","1111.998","1177.849","1239.752","1294.298","1344.703","1392.808","1436.702","1472.135","1492.917","1489.624","1450.228","1366.184","1253.350","1123.384"," 966.366"," 803.099"," 651.978"," 517.038"," 393.581"," 286.542"," 199.736"," 131.613","  81.421","  47.736","  28.660"
"1"," 642.069"," 664.792"," 685.785"," 705.128"," 722.090"," 735.327"," 744.430"," 748.683"," 747.468"," 741.376"," 728.760"," 706.887"," 680.326"," 649.248"," 615.444"," 580.930"," 547.044"," 515.652"," 487.373"," 463.330"," 444.264"," 430.504"," 421.989"," 418.059"," 417.828"," 420.249"," 423.037"," 425.861"," 430.105"," 435.495"," 441.987"," 449.646"," 457.304"," 464.703"," 472.431"," 480.145"," 489.790"," 500.047"," 512.332"," 528.162"," 546.731"," 568.891"," 594.292"," 616.273"," 634.991"," 653.475"," 668.518"," 676.199"," 680.899"," 685.552"," 692.976"," 704.337"," 719.309"," 739.357"," 755.802"," 771.500"," 785.644"," 796.365"," 808.951"," 820.568"," 828.417"," 837.206"," 843.573"," 846.119"," 856.616"," 873.549"," 889.660"," 908.095"," 930.351"," 953.270"," 976.099"," 994.482","1010.173","1021.182","1027.725","1028.621","1018.618","1010.447"," 996.237"," 975.122"," 946.938"," 907.179"," 858.702"," 800.264"," 736.402"," 668.222"," 597.636"," 529.293"," 464.247"," 406.889"," 355.158"," 305.199"," 257.360"," 212.966"," 169.525"," 131.958"," 102.699","  80.119","  62.648","  50.877"
"1"," 165.369"," 168.331"," 170.174"," 172.990"," 174.888"," 177.811"," 180.562"," 179.656"," 176.092"," 170.486"," 162.696"," 153.915"," 144.655"," 135.899"," 129.954"," 126.088"," 124.079"," 123.637"," 124.178"," 126.380"," 129.200"," 131.766"," 135.809"," 140.161"," 144.953"," 148.103"," 153.749"," 156.008"," 157.306"," 158.264"," 158.828"," 160.614"," 164.069"," 169.194"," 176.403"," 186.099"," 198.538"," 213.961"," 231.566"," 251.947"," 276.291"," 306.790"," 347.708"," 399.487"," 460.007"," 527.984"," 603.191"," 680.016"," 746.650"," 806.769"," 859.748"," 899.566"," 932.240"," 960.230"," 983.874","1004.206","1022.323","1040.041","1059.832","1083.224","1109.192","1133.520","1149.596","1153.356","1146.705","1137.199","1131.385","1130.430","1132.820","1135.978","1136.606","1132.413","1123.371","1112.077","1102.838","1097.637","1093.926","1111.169","1118.618","1107.525","1102.021","1078.786","1024.288"," 965.010"," 900.385"," 826.968"," 752.423"," 685.036"," 619.320"," 548.666"," 475.409"," 403.077"," 328.883"," 259.934"," 199.896"," 148.193"," 109.698","  81.638","  60.845","  47.271"
"1"," 357.636"," 346.298"," 347.646"," 351.215"," 349.395"," 344.847"," 346.571"," 356.142"," 364.700"," 368.429"," 371.468"," 380.488"," 398.746"," 422.916"," 449.447"," 477.345"," 507.221"," 536.743"," 554.128"," 560.037"," 558.835"," 541.694"," 515.809"," 486.628"," 453.453"," 414.996"," 375.012"," 338.762"," 311.017"," 295.038"," 291.818"," 301.452"," 322.877"," 353.626"," 390.446"," 429.798"," 468.268"," 503.418"," 534.808"," 562.611"," 586.873"," 607.402"," 624.044"," 636.782"," 645.394"," 649.659"," 649.786"," 646.125"," 638.934"," 628.380"," 614.621"," 597.909"," 579.320"," 560.516"," 543.273"," 529.336"," 520.264"," 516.784"," 518.489"," 524.286"," 532.882"," 543.446"," 555.444"," 568.352"," 585.222"," 604.996"," 625.309"," 650.231"," 674.136"," 695.758"," 720.394"," 750.448"," 776.304"," 801.313"," 833.919"," 871.675"," 911.645"," 953.369"," 992.558","1019.172","1028.861","1019.390"," 992.698"," 954.540"," 908.078"," 853.861"," 795.689"," 738.385"," 678.329"," 613.430"," 549.808"," 493.974"," 439.116"," 378.328"," 316.407"," 259.614"," 202.056"," 146.752","  98.548","  61.385"
"1"," 322.131"," 334.414"," 345.733"," 355.764"," 361.556"," 362.597"," 370.929"," 376.015"," 373.511"," 368.692"," 361.255"," 344.361"," 327.632"," 311.278"," 291.412"," 269.670"," 249.498"," 227.254"," 208.503"," 193.567"," 182.547"," 178.338"," 179.424"," 183.158"," 188.887"," 195.354"," 203.554"," 215.986"," 229.101"," 243.530"," 259.258"," 275.616"," 292.466"," 309.525"," 325.966"," 340.052"," 350.064"," 356.169"," 360.464"," 364.808"," 370.990"," 379.539"," 389.741"," 399.933"," 408.171"," 413.522"," 414.960"," 414.749"," 409.068"," 397.785"," 398.458"," 392.994"," 385.135"," 378.819"," 369.939"," 361.454"," 355.095"," 351.392"," 350.838"," 353.674"," 359.112"," 365.533"," 372.402"," 379.652"," 391.266"," 411.615"," 441.282"," 480.792"," 529.042"," 590.885"," 652.157"," 699.991"," 754.905"," 801.555"," 842.798"," 893.671"," 943.000"," 969.936","1006.377","1050.125","1090.628","1132.767","1178.332","1212.084","1245.290","1267.933","1267.850","1246.806","1203.993","1123.348","1033.394"," 932.621"," 824.733"," 722.831"," 619.816"," 519.674"," 412.119"," 306.375"," 216.948"," 144.015"
"1","  72.826","  76.409","  78.654","  80.603","  83.000","  85.579","  87.947","  90.037","  91.980","  93.516","  94.626","  95.183","  94.755","  92.941","  90.165","  86.756","  82.679","  78.244","  75.109","  72.796","  69.690","  66.049","  62.445","  58.323","  53.616","  49.801","  46.147","  41.940","  38.109","  36.217","  34.282","  32.520","  31.627","  31.209","  31.669","  33.087","  36.035","  41.377","  48.950","  59.475","  73.208","  90.029"," 110.460"," 133.153"," 157.491"," 182.616"," 205.980"," 228.939"," 251.443"," 272.548"," 292.702"," 311.925"," 333.527"," 357.195"," 380.363"," 417.143"," 457.456"," 493.733"," 534.096"," 570.816"," 602.667"," 629.712"," 650.557"," 668.747"," 687.808"," 715.593"," 758.683"," 811.595"," 868.063"," 918.242"," 957.137"," 992.909","1026.439","1060.148","1098.543","1142.580","1184.889","1218.659","1238.455","1240.255","1225.766","1195.309","1147.715","1081.692"," 995.815"," 888.729"," 765.496"," 638.400"," 518.803"," 406.075"," 301.982"," 212.352"," 137.645","  79.697","  37.090","  13.823","  20.636","  27.256","  22.265","  16.979"
"1"," 175.636"," 176.556"," 181.516"," 184.204"," 182.205"," 181.314"," 185.844"," 192.150"," 196.919"," 201.592"," 204.163"," 205.812"," 207.256"," 207.289"," 204.434"," 198.968"," 193.650"," 188.655"," 183.312"," 180.107"," 178.322"," 178.884"," 182.581"," 190.208"," 205.235"," 228.453"," 259.722"," 302.827"," 359.185"," 415.237"," 473.739"," 536.053"," 596.799"," 651.080"," 698.533"," 738.033"," 768.828"," 790.678"," 802.479"," 802.772"," 791.361"," 770.824"," 745.845"," 720.754"," 698.447"," 681.020"," 669.216"," 662.323"," 659.122"," 657.368"," 654.227"," 646.864"," 633.303"," 613.618"," 590.122"," 568.074"," 549.407"," 533.327"," 536.407"," 554.038"," 576.734"," 603.940"," 636.607"," 670.609"," 705.434"," 744.410"," 786.496"," 820.405"," 846.691"," 872.461"," 899.859"," 923.189"," 940.541"," 958.477"," 974.930"," 986.070"," 996.541"," 997.826"," 980.899"," 952.829"," 924.290"," 889.237"," 853.773"," 816.307"," 778.558"," 745.816"," 707.812"," 660.506"," 614.581"," 561.038"," 479.424"," 408.293"," 340.805"," 271.725"," 210.927"," 161.648"," 121.936","  92.639","  74.020","  64.153"
