40.128,39.610,39.349,39.126,38.650,37.708,36.252,34.396,32.331,30.224,28.147,26.079,23.949,21.715,19.398,17.068,14.816,12.715,10.794,9.027,7.351,5.701,4.048,2.403,0.836,-0.512,-1.443,-1.769,-1.377,-0.236,1.653,4.298,7.685,11.703,16.095,20.502,24.579,28.102,30.998,33.310,35.150,36.656,37.944,39.058,39.938,40.459,40.533,40.216,39.690,39.155,38.707
40.899,40.379,39.682,38.756,37.557,36.027,34.138,31.945,29.574,27.146,24.714,22.286,19.887,17.591,15.479,13.584,11.874,10.270,8.688,7.058,5.352,3.617,2.000,0.721,0.006,0.010,0.784,2.304,4.528,7.418,10.895,14.791,18.846,22.770,26.319,29.356,31.883,34.010,35.883,37.598,39.147,40.421,41.263,41.557,41.292,40.575,39.629,38.736,38.121,37.810,37.581
43.272,43.146,43.390,43.783,43.851,43.229,41.961,40.374,38.772,37.266,35.707,33.808,31.370,28.527,25.594,22.840,20.333,18.099,16.277,14.965,13.927,12.704,11.180,9.662,8.496,7.696,7.035,6.678,7.223,8.838,11.214,14.113,17.385,20.718,24.095,27.595,30.983,33.789,35.948,37.773,39.497,41.043,42.270,43.155,43.743,44.070,44.206,44.182,43.970,43.513,42.883
49.709,48.882,47.987,47.874,48.293,48.384,47.802,46.413,44.175,41.660,39.293,36.618,33.247,29.668,26.636,24.216,22.029,19.871,17.862,16.061,14.442,12.997,11.696,10.408,9.191,8.460,8.664,9.764,11.442,13.472,15.843,18.636,22.076,26.103,30.146,33.559,36.195,38.255,39.930,41.408,42.733,43.817,44.642,45.357,46.018,46.463,46.469,45.912,44.788,43.295,41.922
34.943,35.092,34.818,33.921,32.296,30.048,27.523,25.112,22.960,20.876,18.598,16.084,13.508,11.082,8.965,7.185,5.599,4.068,2.614,1.287,0.055,-1.129,-2.274,-3.341,-4.229,-4.877,-5.325,-5.515,-5.170,-3.950,-1.651,1.691,5.704,9.781,13.402,16.352,18.700,20.648,22.372,23.927,25.269,26.347,27.207,27.987,28.823,29.833,31.093,32.505,33.734,34.437,34.563
38.290,38.890,39.236,39.180,38.481,37.041,35.053,32.820,30.533,28.195,25.661,22.809,19.703,16.546,13.540,10.868,8.676,6.963,5.565,4.266,2.895,1.347,-0.362,-2.078,-3.589,-4.731,-5.414,-5.587,-5.201,-4.207,-2.562,-0.233,2.785,6.406,10.387,14.369,18.070,21.390,24.326,26.890,29.141,31.172,32.998,34.532,35.691,36.485,36.991,37.345,37.751,38.382,39.247
37.173,37.905,38.049,37.487,36.045,33.710,30.904,28.378,26.538,25.085,23.392,21.096,18.329,15.520,12.874,10.368,8.063,6.120,4.671,3.594,2.569,1.470,0.441,-0.310,-0.700,-0.787,-0.653,-0.339,0.244,1.277,3.067,5.941,9.869,14.241,18.437,22.166,25.374,28.027,30.032,31.492,32.825,34.225,35.494,36.543,37.335,37.756,37.889,38.033,38.415,38.985,39.420
42.423,42.743,42.973,42.764,41.625,39.468,36.667,33.806,31.398,29.682,28.377,26.957,25.124,22.954,20.607,18.100,15.544,13.263,11.434,9.920,8.663,7.621,6.587,5.380,4.038,2.757,1.711,0.883,0.293,0.146,0.571,1.476,2.757,4.598,7.426,11.300,15.724,20.135,24.155,27.568,30.407,32.908,35.366,37.884,40.306,42.273,43.504,44.017,44.146,44.236,44.517
36.032,36.299,36.634,36.825,36.548,35.575,33.970,32.006,29.938,27.831,25.601,23.205,20.748,18.362,16.090,13.917,11.825,9.825,7.967,6.257,4.595,2.856,1.022,-0.749,-2.195,-3.148,-3.626,-3.694,-3.246,-2.003,0.214,3.293,6.968,10.997,15.128,19.026,22.408,25.220,27.562,29.509,31.083,32.344,33.400,34.353,35.232,36.004,36.615,37.061,37.399,37.682,37.888
37.392,37.078,36.540,35.766,34.686,33.235,31.483,29.627,27.804,26.000,24.153,22.238,20.201,17.967,15.579,13.216,11.080,9.245,7.595,5.957,4.314,2.780,1.393,0.151,-0.819,-1.332,-1.303,-0.765,0.206,1.609,3.611,6.394,9.849,13.571,17.173,20.494,23.558,26.420,29.025,31.207,32.851,34.020,34.880,35.573,36.135,36.524,36.740,36.855,36.877,36.713,36.244
38.656,38.249,37.649,36.595,34.911,32.922,30.974,28.989,26.846,24.695,22.797,21.335,20.288,19.333,18.193,16.958,15.754,14.556,13.401,12.312,11.286,10.337,9.296,7.978,6.485,5.172,4.342,4.079,4.504,5.932,8.439,11.702,15.402,19.203,22.887,26.544,30.173,33.505,36.337,38.765,40.918,42.634,43.710,44.245,44.412,44.341,44.098,43.550,42.697,41.928,41.423
40.010,38.592,37.318,36.465,35.550,33.992,31.755,29.055,26.378,24.299,22.706,21.025,19.337,18.047,17.027,15.959,14.670,13.136,11.774,10.998,10.524,9.814,8.682,7.296,5.891,4.546,3.461,3.015,3.361,4.461,6.506,9.666,13.543,17.454,21.047,24.270,27.280,30.344,33.510,36.513,39.135,41.323,42.951,43.956,44.385,44.265,43.702,42.908,42.017,41.109,40.384
30.333,30.186,29.619,28.627,27.262,25.577,23.670,21.704,19.783,17.920,16.079,14.203,12.201,10.025,7.787,5.698,3.869,2.276,0.835,-0.512,-1.850,-3.298,-4.843,-6.283,-7.385,-8.034,-8.169,-7.781,-6.831,-5.161,-2.585,0.916,5.105,9.589,13.998,18.117,21.850,25.178,28.078,30.486,32.304,33.487,34.106,34.274,34.029,33.359,32.426,31.536,30.925,30.626,30.573
33.091,33.078,33.030,32.613,31.566,29.945,28.028,26.054,24.120,22.233,20.376,18.559,16.798,15.037,13.210,11.311,9.346,7.318,5.253,3.241,1.413,-0.174,-1.611,-3.046,-4.455,-5.642,-6.466,-6.926,-7.034,-6.600,-5.300,-2.961,0.304,4.193,8.358,12.539,16.564,20.293,23.589,26.351,28.597,30.433,31.974,33.232,34.112,34.493,34.353,33.812,33.083,32.404,31.936
34.242,34.046,34.270,34.247,32.877,30.519,28.261,26.206,24.199,22.075,19.637,16.906,14.188,11.486,9.130,7.330,5.873,4.538,3.329,2.263,1.318,0.664,0.326,-0.006,-0.463,-1.243,-2.366,-3.301,-3.334,-2.718,-1.691,0.283,3.370,7.558,12.356,16.731,20.024,22.382,24.164,25.812,27.669,29.524,31.006,32.000,32.461,32.365,31.900,31.582,31.552,31.318,30.619
35.536,34.643,33.824,32.864,31.125,28.731,26.132,23.329,20.609,18.282,16.463,14.910,13.193,11.287,9.511,7.865,6.247,4.651,3.167,1.736,0.444,-0.541,-1.188,-1.716,-2.192,-2.478,-2.452,-2.155,-1.627,-0.629,1.079,3.642,6.802,9.881,12.302,14.251,15.930,17.338,19.171,21.708,24.407,26.890,28.899,30.378,31.418,32.128,32.504,32.471,32.167,31.859,31.600
40.231,40.210,39.895,38.977,37.445,35.651,33.863,32.026,30.005,27.839,25.708,23.766,22.040,20.425,18.783,17.133,15.609,14.224,12.925,11.724,10.578,9.320,7.882,6.383,5.013,3.945,3.250,2.913,3.032,3.926,5.887,8.820,12.245,15.669,18.901,21.967,24.891,27.656,30.290,32.845,35.297,37.518,39.359,40.722,41.584,41.951,41.795,41.196,40.477,39.959,39.672
40.143,40.727,41.098,40.977,40.246,39.090,37.736,36.146,34.222,32.022,29.641,27.151,24.658,22.315,20.256,18.511,17.003,15.570,14.020,12.311,10.582,8.909,7.195,5.420,3.787,2.502,1.647,1.238,1.269,1.818,3.092,5.191,8.000,11.302,14.862,18.472,21.922,25.011,27.688,30.044,32.116,33.847,35.223,36.325,37.218,37.928,38.474,38.901,39.309,39.759,40.134
33.998,34.203,34.700,34.973,34.623,33.682,32.440,30.933,29.138,27.243,25.366,23.458,21.397,19.168,16.918,14.842,13.099,11.737,10.562,9.307,7.885,6.466,5.343,4.472,3.655,2.937,2.488,2.399,2.751,3.826,5.969,9.161,12.858,16.469,19.795,22.910,25.875,28.700,31.458,34.089,36.291,37.977,39.334,40.317,40.608,40.087,38.969,37.567,36.304,35.569,35.382
32.279,32.681,32.735,32.275,31.328,30.101,28.766,27.341,25.815,24.264,22.783,21.446,20.285,19.286,18.335,17.270,16.129,15.031,13.864,12.599,11.398,10.311,9.350,8.553,7.748,6.737,5.620,4.824,4.709,5.270,6.419,8.230,10.662,13.315,15.819,18.175,20.658,23.356,25.932,28.242,30.472,32.662,34.537,35.790,36.317,36.241,35.748,34.900,33.844,33.097,33.113
42.741,43.339,43.156,42.255,40.843,39.085,37.121,35.146,33.335,31.702,30.063,28.171,25.905,23.324,20.595,17.906,15.430,13.275,11.443,9.826,8.309,6.846,5.420,4.049,2.881,2.138,1.865,1.925,2.294,3.204,4.934,7.572,10.963,14.798,18.734,22.463,25.792,28.749,31.545,34.327,36.948,39.030,40.293,40.790,40.761,40.454,40.142,40.121,40.530,41.258,42.065
39.270,39.814,39.813,39.211,38.080,36.656,35.105,33.378,31.375,29.133,26.772,24.367,21.944,19.545,17.255,15.151,13.260,11.531,9.898,8.372,7.009,5.820,4.867,4.299,4.126,4.132,4.136,4.251,4.805,6.060,8.118,10.968,14.470,18.346,22.299,26.064,29.422,32.286,34.749,36.960,38.964,40.672,41.962,42.747,42.971,42.670,42.090,41.581,41.416,41.711,42.317
41.696,42.162,42.395,42.083,41.111,39.616,37.800,35.748,33.428,30.833,28.133,25.561,23.120,20.649,18.144,15.746,13.417,10.999,8.584,6.337,4.233,2.211,0.364,-1.171,-2.303,-2.903,-2.875,-2.243,-1.075,0.769,3.466,6.942,10.852,14.871,18.760,22.351,25.597,28.549,31.265,33.793,35.996,37.605,38.582,39.173,39.574,39.759,39.615,39.149,38.734,38.905,39.766
38.335,39.108,40.414,41.459,41.521,40.491,38.792,36.879,34.905,32.749,30.284,27.608,24.897,22.115,19.208,16.302,13.619,11.282,9.162,7.091,5.139,3.425,1.845,0.298,-1.081,-1.988,-2.259,-2.068,-1.662,-0.830,0.947,3.937,7.842,11.966,15.779,19.255,22.525,25.584,28.364,30.994,33.576,35.871,37.562,38.616,39.176,39.273,38.815,37.919,37.150,37.195,38.260
38.714,38.443,38.002,37.281,36.262,34.989,33.484,31.730,29.775,27.778,25.880,24.065,22.212,20.261,18.269,16.351,14.604,13.046,11.598,10.123,8.525,6.806,5.056,3.423,2.096,1.264,1.041,1.464,2.579,4.482,7.177,10.442,13.928,17.375,20.693,23.874,26.930,29.854,32.578,34.956,36.865,38.304,39.376,40.183,40.753,41.037,40.966,40.536,39.859,39.127,38.475
43.999,43.904,43.737,43.242,42.330,41.088,39.620,37.947,36.084,34.127,32.196,30.318,28.433,26.476,24.438,22.368,20.356,18.469,16.698,14.954,13.140,11.248,9.379,7.664,6.201,5.090,4.487,4.534,5.303,6.843,9.214,12.355,15.994,19.809,23.658,27.519,31.241,34.537,37.207,39.259,40.804,41.938,42.699,43.087,43.094,42.737,42.074,41.217,40.299,39.390,38.468
43.320,42.992,43.438,43.825,43.091,40.957,38.444,36.007,33.667,31.211,28.603,26.014,23.611,21.281,18.923,16.940,15.254,13.884,12.459,10.556,7.952,5.291,2.978,1.113,0.089,-0.043,0.706,2.410,5.588,9.931,15.001,20.022,24.884,29.397,33.418,37.083,40.339,43.307,45.903,48.246,49.983,51.083,51.514,51.364,50.385,48.709,46.863,45.323,44.391,44.091,44.836
39.803,39.385,39.274,39.231,39.238,38.944,38.073,36.452,34.461,32.429,30.405,28.347,26.533,24.933,23.490,22.077,20.774,19.326,17.651,15.681,13.630,11.528,9.502,7.702,6.361,5.514,5.269,5.852,7.367,9.312,12.045,15.319,18.713,22.120,25.545,28.816,31.807,34.514,37.067,39.303,41.160,42.565,43.354,43.400,43.099,42.600,41.903,41.136,40.612,40.768,41.209
38.583,38.368,37.977,37.237,36.022,34.378,32.473,30.444,28.355,26.270,24.295,22.523,20.921,19.363,17.780,16.199,14.615,12.961,11.220,9.449,7.674,5.854,3.923,1.865,-0.204,-2.027,-3.341,-3.983,-3.841,-2.788,-0.749,2.172,5.689,9.502,13.433,17.402,21.311,25.000,28.267,30.894,32.686,33.588,33.752,33.486,33.113,32.870,32.915,33.330,34.068,34.955,35.801
38.541,38.722,38.631,37.945,36.540,34.556,32.243,29.769,27.205,24.628,22.187,20.054,18.300,16.812,15.395,13.927,12.392,10.810,9.163,7.399,5.531,3.713,2.150,0.928,-0.006,-0.690,-1.037,-0.828,0.236,2.380,5.532,9.274,13.090,16.644,19.802,22.570,25.065,27.430,29.693,31.746,33.481,34.893,36.044,36.961,37.615,37.976,38.087,38.065,38.052,38.133,38.201
44.433,43.502,42.441,41.200,39.551,37.520,35.261,32.857,30.448,28.212,26.085,23.850,21.415,18.910,16.474,14.090,11.712,9.462,7.518,5.805,4.119,2.496,1.150,0.158,-0.473,-0.709,-0.556,0.169,2.030,5.313,9.491,13.763,17.806,21.708,25.482,28.889,31.699,33.967,35.969,37.843,39.564,41.271,43.077,44.857,46.468,47.912,48.935,49.179,48.611,47.663,46.848
40.557,41.230,41.764,41.604,40.712,39.456,37.865,35.773,33.425,31.237,29.248,27.157,24.745,22.058,19.279,16.487,13.645,10.804,8.017,5.283,2.735,0.600,-1.250,-3.154,-5.131,-6.704,-7.338,-6.972,-6.056,-4.787,-2.770,0.395,4.520,9.074,13.650,18.033,22.029,25.444,28.235,30.570,32.668,34.637,36.529,38.385,40.120,41.366,41.785,41.508,40.972,40.397,39.800
37.958,37.929,38.194,38.207,37.274,35.399,33.230,31.199,29.264,27.263,25.137,22.897,20.636,18.472,16.351,14.152,11.921,9.755,7.648,5.573,3.416,1.080,-1.218,-3.103,-4.595,-5.915,-7.057,-7.756,-7.834,-7.259,-5.943,-3.593,0.048,4.720,9.669,14.316,18.529,22.263,25.473,28.247,30.715,32.886,34.609,35.833,36.709,37.295,37.451,37.173,36.697,36.221,35.831
40.410,40.016,39.791,39.471,38.537,36.848,34.782,32.757,30.820,28.820,26.721,24.525,22.226,19.890,17.650,15.525,13.382,11.075,8.650,6.235,3.918,1.869,0.285,-0.870,-1.781,-2.446,-2.678,-2.467,-1.870,-0.592,1.793,5.307,9.531,13.889,18.029,21.928,25.701,29.199,32.141,34.508,36.460,38.007,39.127,39.925,40.369,40.365,40.000,39.491,38.915,38.370,38.118
40.613,40.810,41.219,41.496,41.174,40.054,38.385,36.541,34.693,32.888,31.082,29.136,27.079,25.066,23.137,21.119,18.985,16.910,15.052,13.339,11.662,10.074,8.597,7.214,6.006,5.039,4.164,3.300,2.826,3.294,4.917,7.566,11.112,15.289,19.610,23.616,27.092,30.025,32.572,34.944,37.233,39.334,40.978,41.945,42.244,41.907,40.995,39.885,38.989,38.273,37.577
38.702,39.015,38.959,38.219,36.933,35.253,33.134,30.590,27.931,25.388,22.710,19.634,16.358,13.297,10.658,8.458,6.608,4.973,3.349,1.609,-0.143,-1.720,-3.075,-4.484,-6.146,-7.789,-8.934,-9.384,-9.271,-8.557,-7.017,-4.494,-0.948,3.531,8.381,12.817,16.564,19.973,23.315,26.567,29.541,32.159,34.531,36.630,38.146,38.859,38.843,38.415,37.866,37.324,36.640
29.078,28.752,28.330,27.655,26.572,25.114,23.447,21.651,19.685,17.585,15.528,13.661,11.949,10.249,8.464,6.604,4.720,2.839,0.958,-0.896,-2.648,-4.228,-5.597,-6.716,-7.549,-8.093,-8.329,-8.184,-7.560,-6.345,-4.426,-1.801,1.345,4.720,8.089,11.383,14.609,17.708,20.556,23.080,25.277,27.162,28.735,29.981,30.869,31.357,31.425,31.145,30.673,30.148,29.618
33.412,33.248,32.450,31.083,29.501,27.996,26.530,24.924,23.155,21.276,19.224,16.897,14.305,11.567,8.859,6.372,4.248,2.504,1.025,-0.342,-1.667,-2.945,-4.120,-5.108,-5.853,-6.331,-6.430,-5.941,-4.680,-2.567,0.363,3.887,7.629,11.283,14.774,18.153,21.415,24.469,27.216,29.620,31.676,33.347,34.565,35.281,35.471,35.134,34.340,33.285,32.239,31.405,30.817
31.204,31.569,31.960,32.075,31.637,30.619,29.197,27.531,25.674,23.644,21.490,19.266,17.004,14.699,12.305,9.785,7.160,4.500,1.864,-0.713,-3.164,-5.387,-7.304,-8.894,-10.132,-10.950,-11.269,-10.996,-9.997,-8.141,-5.430,-2.045,1.731,5.628,9.435,13.017,16.310,19.289,21.921,24.172,26.035,27.519,28.637,29.408,29.859,30.023,29.956,29.748,29.495,29.259,29.070
30.107,30.135,30.097,29.691,28.804,27.497,25.861,23.941,21.808,19.595,17.415,15.282,13.146,10.964,8.738,6.483,4.206,1.915,-0.357,-2.568,-4.703,-6.783,-8.807,-10.715,-12.389,-13.688,-14.484,-14.652,-14.052,-12.522,-9.941,-6.357,-2.063,2.506,6.966,11.086,14.767,17.987,20.766,23.126,25.084,26.682,27.997,29.104,30.025,30.730,31.197,31.445,31.506,31.419,31.231
43.260,43.375,43.153,42.501,41.405,39.919,38.118,36.062,33.793,31.371,28.889,26.450,24.136,21.984,19.985,18.099,16.275,14.465,12.640,10.780,8.867,6.888,4.855,2.822,0.880,-0.853,-2.241,-3.119,-3.294,-2.586,-0.920,1.612,4.774,8.291,11.956,15.654,19.327,22.920,26.352,29.532,32.389,34.895,37.054,38.875,40.359,41.481,42.212,42.538,42.486,42.134,41.580
46.200,45.923,45.590,45.122,44.401,43.312,41.755,39.671,37.082,34.109,30.938,27.755,24.678,21.737,18.896,16.098,13.300,10.483,7.660,4.863,2.135,-0.476,-2.921,-5.131,-6.988,-8.299,-8.793,-8.170,-6.208,-2.892,1.520,6.562,11.743,16.730,21.385,25.681,29.584,33.020,35.915,38.234,39.974,41.133,41.693,41.641,41.020,39.991,38.839,37.911,37.475,37.607,38.165
36.978,37.009,36.909,36.571,35.890,34.819,33.400,31.683,29.680,27.433,25.082,22.791,20.605,18.431,16.161,13.809,11.509,9.413,7.602,6.032,4.548,2.973,1.286,-0.337,-1.687,-2.658,-3.199,-3.234,-2.627,-1.199,1.164,4.357,8.075,12.014,16.006,20.000,23.947,27.716,31.114,33.989,36.302,38.094,39.385,40.125,40.273,39.920,39.295,38.665,38.230,38.038,37.966
39.243,38.748,38.150,37.212,35.865,34.244,32.418,30.259,27.618,24.556,21.361,18.347,15.674,13.357,11.417,9.989,9.145,8.589,7.877,6.822,5.433,3.748,1.934,0.327,-0.766,-1.239,-1.106,-0.340,1.146,3.407,6.409,10.011,13.968,18.008,21.906,25.513,28.769,31.671,34.172,36.158,37.562,38.451,39.011,39.457,39.920,40.342,40.540,40.410,40.042,39.598,39.157
39.315,39.889,40.247,40.173,39.492,38.190,36.419,34.364,32.073,29.489,26.647,23.714,20.838,18.058,15.363,12.777,10.323,7.966,5.655,3.432,1.355,-0.629,-2.615,-4.498,-5.931,-6.554,-6.222,-5.025,-3.143,-0.683,2.378,6.064,10.244,14.646,19.019,23.196,27.045,30.403,33.100,35.062,36.400,37.326,37.968,38.304,38.305,38.037,37.650,37.328,37.240,37.441,37.822
46.835,46.902,46.479,45.679,44.545,43.050,41.200,39.030,36.568,33.870,31.058,28.252,25.485,22.708,19.911,17.180,14.603,12.162,9.768,7.344,4.825,2.172,-0.552,-3.153,-5.377,-7.022,-7.983,-8.169,-7.371,-5.281,-1.790,2.740,7.614,12.258,16.478,20.364,24.028,27.452,30.526,33.185,35.447,37.325,38.769,39.723,40.229,40.464,40.680,41.110,41.884,42.957,44.072
36.175,35.956,35.822,35.620,35.067,34.038,32.562,30.664,28.408,25.972,23.552,21.229,18.985,16.772,14.514,12.122,9.527,6.726,3.808,0.940,-1.712,-4.021,-5.915,-7.382,-8.445,-9.149,-9.544,-9.587,-9.052,-7.647,-5.223,-1.841,2.279,6.840,11.544,16.123,20.349,24.064,27.191,29.703,31.593,32.903,33.756,34.315,34.656,34.756,34.623,34.413,34.370,34.638,35.162
38.314,38.476,38.290,37.598,36.410,34.864,33.032,30.844,28.244,25.350,22.395,19.555,16.853,14.225,11.625,8.999,6.276,3.486,0.746,-1.876,-4.360,-6.663,-8.749,-10.644,-12.378,-13.828,-14.709,-14.714,-13.670,-11.600,-8.628,-4.886,-0.564,4.025,8.541,12.809,16.827,20.609,24.083,27.137,29.692,31.739,33.342,34.578,35.459,35.922,35.967,35.767,35.565,35.503,35.553
44.367,44.066,43.818,43.406,42.695,41.690,40.297,38.422,36.178,33.814,31.444,29.068,26.662,24.284,22.074,20.165,18.496,16.901,15.257,13.544,11.685,9.562,7.178,4.770,2.677,1.102,-0.031,-0.876,-1.332,-0.971,0.662,3.704,7.800,12.301,16.665,20.656,24.333,27.805,31.143,34.379,37.529,40.533,43.267,45.543,47.116,47.880,47.927,47.465,46.716,45.952,45.378
48.061,47.193,46.430,45.708,44.708,43.281,41.358,38.919,36.075,33.057,30.078,27.307,24.789,22.492,20.308,18.172,16.070,14.163,12.600,11.372,10.301,9.357,8.639,8.161,7.811,7.664,7.989,9.014,10.870,13.693,17.401,21.567,25.759,29.766,33.516,36.934,39.991,42.677,45.009,47.036,48.753,49.994,50.596,50.559,50.073,49.353,48.590,47.928,47.492,47.356,47.417
21.344,20.741,20.289,19.558,18.284,16.659,14.898,12.976,10.917,8.888,6.866,4.699,2.362,-0.133,-2.699,-5.159,-7.474,-9.645,-11.551,-13.156,-14.634,-16.188,-17.847,-19.458,-20.817,-21.878,-22.685,-23.139,-22.994,-21.926,-19.635,-16.030,-11.431,-6.413,-1.396,3.608,8.681,13.521,17.626,20.851,23.390,25.410,26.936,27.895,28.188,27.789,26.841,25.604,24.424,23.511,22.851
22.105,21.469,20.544,19.221,17.592,15.892,14.081,12.058,9.862,7.650,5.594,3.670,1.675,-0.508,-2.830,-5.137,-7.298,-9.390,-11.504,-13.579,-15.505,-17.194,-18.680,-20.082,-21.363,-22.369,-22.953,-22.948,-22.138,-20.301,-17.282,-13.143,-8.356,-3.486,1.165,5.460,9.269,12.386,14.862,16.939,18.718,20.157,21.232,21.937,22.149,21.874,21.324,20.669,20.041,19.619,19.386
41.309,40.240,38.682,36.789,34.794,32.723,30.526,28.338,26.355,24.579,22.815,20.856,18.622,16.237,13.976,12.088,10.629,9.420,8.169,6.714,5.150,3.714,2.609,1.899,1.501,1.325,1.417,1.948,3.070,4.830,7.309,10.728,15.170,20.287,25.459,30.103,33.846,36.639,38.739,40.468,41.978,43.255,44.239,44.858,45.049,44.848,44.463,44.165,44.051,43.937,43.482
43.600,43.155,42.520,41.479,39.834,37.572,34.951,32.367,30.115,28.269,26.732,25.259,23.531,21.446,19.232,17.204,15.548,14.210,12.942,11.564,10.093,8.679,7.490,6.577,5.911,5.489,5.260,5.111,5.089,5.452,6.435,8.197,10.808,14.142,18.005,22.275,26.707,30.834,34.228,36.800,38.762,40.373,41.719,42.664,43.032,42.848,42.370,41.907,41.646,41.602,41.645
45.604,45.159,44.475,43.463,42.117,40.576,39.025,37.461,35.675,33.502,31.045,28.672,26.665,25.053,23.701,22.513,21.486,20.554,19.646,18.706,17.717,16.602,15.278,13.706,11.961,10.181,8.539,7.210,6.454,6.685,8.240,11.030,14.529,18.179,21.639,24.844,27.793,30.464,32.806,34.833,36.606,38.212,39.716,41.114,42.327,43.223,43.699,43.702,43.251,42.429,41.420
40.395,38.988,37.898,37.188,36.594,35.826,34.694,33.120,31.311,29.590,28.013,26.364,24.601,23.016,21.808,20.946,20.181,19.274,18.089,16.771,15.570,14.589,13.639,12.500,11.113,9.626,8.248,7.199,6.600,6.583,7.463,9.660,13.179,17.417,21.580,25.156,28.038,30.409,32.491,34.433,36.310,38.177,39.979,41.622,42.958,43.823,44.004,43.466,42.451,41.388,40.521
40.249,39.106,38.486,38.081,37.433,36.340,34.841,32.846,30.623,28.384,26.204,24.117,22.210,20.027,17.664,15.364,13.296,11.242,9.231,7.192,4.840,2.209,-0.676,-3.451,-5.591,-6.693,-6.827,-6.409,-5.535,-3.824,-1.056,2.539,6.354,10.022,13.384,16.567,19.703,22.753,25.769,28.715,31.458,33.888,35.920,37.594,38.820,39.516,39.460,38.784,37.739,36.459,35.026
37.173,36.558,36.148,35.456,34.624,33.463,32.111,30.285,28.140,25.666,23.212,21.057,19.292,17.773,16.124,13.800,11.087,8.747,7.029,5.534,4.168,2.916,1.694,0.498,-0.592,-1.635,-2.615,-3.088,-2.765,-1.435,0.767,3.616,7.192,11.336,15.620,19.451,23.211,26.794,29.685,32.060,34.114,35.917,37.045,37.589,37.520,36.713,35.397,33.924,32.779,32.222,32.229
30.301,30.150,30.032,29.763,28.991,27.531,25.487,23.083,20.498,17.884,15.383,13.022,10.687,8.253,5.677,2.951,0.063,-2.942,-5.944,-8.785,-11.284,-13.308,-14.873,-16.067,-16.857,-17.054,-16.506,-15.210,-13.162,-10.246,-6.410,-1.890,2.877,7.520,11.894,15.963,19.619,22.721,25.249,27.313,28.997,30.263,31.063,31.502,31.791,32.031,32.127,31.912,31.302,30.424,29.540
30.552,30.780,31.181,31.356,30.962,29.900,28.289,26.284,23.986,21.511,19.004,16.540,14.079,11.553,8.937,6.234,3.450,0.574,-2.405,-5.456,-8.451,-11.164,-13.358,-14.934,-15.945,-16.442,-16.360,-15.585,-14.057,-11.746,-8.653,-4.903,-0.783,3.422,7.584,11.704,15.753,19.599,23.048,25.952,28.271,30.050,31.327,32.087,32.312,32.102,31.684,31.282,30.974,30.717,30.535
34.618,34.414,34.075,33.509,32.687,31.621,30.348,28.880,27.205,25.349,23.357,21.256,19.032,16.650,14.123,11.547,9.080,6.818,4.685,2.484,0.094,-2.449,-4.986,-7.254,-8.990,-10.100,-10.640,-10.642,-9.991,-8.483,-6.018,-2.677,1.357,5.890,10.727,15.654,20.388,24.578,27.966,30.548,32.492,33.946,34.939,35.449,35.490,35.142,34.566,33.969,33.504,33.218,33.062
36.221,35.921,35.398,34.589,33.551,32.254,30.620,28.728,26.769,24.859,23.003,21.111,19.012,16.606,13.970,11.266,8.612,6.041,3.556,1.170,-1.097,-3.203,-5.026,-6.396,-7.239,-7.605,-7.514,-6.853,-5.415,-2.974,0.503,4.676,9.047,13.311,17.368,21.186,24.731,27.938,30.709,33.023,34.975,36.695,38.214,39.383,39.982,39.913,39.248,38.167,36.933,35.789,34.778
30.620,30.555,30.557,30.434,30.054,29.340,28.212,26.625,24.651,22.494,20.360,18.309,16.265,14.168,12.064,10.027,8.101,6.290,4.553,2.814,1.029,-0.753,-2.397,-3.781,-4.875,-5.712,-6.269,-6.419,-5.993,-4.820,-2.785,0.061,3.487,7.204,10.974,14.636,18.115,21.378,24.363,27.014,29.350,31.392,33.048,34.152,34.565,34.216,33.199,31.834,30.495,29.390,28.549
32.826,32.448,32.117,31.740,31.211,30.422,29.278,27.758,25.979,24.127,22.303,20.469,18.575,16.671,14.848,13.125,11.423,9.632,7.661,5.466,3.105,0.800,-1.180,-2.678,-3.656,-4.088,-3.919,-3.082,-1.485,0.958,4.189,7.948,11.914,15.868,19.717,23.421,26.875,29.906,32.395,34.336,35.760,36.667,37.027,36.808,36.036,34.840,33.488,32.327,31.608,31.313,31.229
30.271,30.168,29.904,29.371,28.498,27.301,25.738,23.682,21.248,18.716,16.205,13.763,11.465,9.262,7.014,4.683,2.315,-0.109,-2.623,-5.112,-7.353,-9.228,-10.754,-11.981,-12.943,-13.599,-13.854,-13.594,-12.568,-10.422,-7.061,-2.806,1.829,6.413,10.750,14.759,18.369,21.606,24.462,26.855,28.800,30.328,31.407,32.014,32.115,31.690,30.905,30.145,29.732,29.662,29.739
29.865,29.869,29.675,29.293,28.733,27.937,26.790,25.246,23.398,21.390,19.340,17.297,15.294,13.275,11.100,8.831,6.642,4.519,2.358,0.117,-2.138,-4.255,-6.080,-7.557,-8.692,-9.386,-9.530,-9.185,-8.273,-6.525,-3.797,-0.134,4.136,8.505,12.634,16.424,19.898,23.015,25.727,28.034,29.889,31.283,32.258,32.807,32.914,32.561,31.755,30.784,30.186,30.215,30.633
29.021,28.583,28.022,27.152,25.876,24.276,22.517,20.705,18.878,17.063,15.326,13.722,12.250,10.855,9.433,7.886,6.240,4.605,3.004,1.388,-0.271,-1.984,-3.708,-5.313,-6.678,-7.780,-8.694,-9.485,-10.066,-10.249,-9.833,-8.591,-6.395,-3.387,0.133,3.916,7.763,11.501,15.074,18.473,21.572,24.209,26.346,28.017,29.225,29.962,30.278,30.263,29.990,29.575,29.186
22.500,22.445,21.850,20.751,19.341,17.733,15.918,13.940,12.045,10.349,8.718,7.051,5.410,3.885,2.427,0.934,-0.658,-2.331,-3.986,-5.533,-6.943,-8.170,-9.128,-9.790,-10.272,-10.694,-10.914,-10.552,-9.245,-6.897,-3.754,-0.191,3.562,7.391,11.178,14.730,17.791,20.239,22.126,23.464,24.218,24.414,24.069,23.361,22.740,22.593,22.910,23.217,23.063,22.360,21.115
33.031,32.269,31.359,30.182,28.679,26.897,24.900,22.779,20.635,18.547,16.511,14.525,12.578,10.601,8.469,6.201,3.933,1.750,-0.386,-2.529,-4.664,-6.754,-8.715,-10.509,-12.114,-13.461,-14.337,-14.517,-13.889,-12.396,-9.943,-6.461,-2.121,2.640,7.370,11.884,16.175,20.145,23.616,26.533,29.031,31.213,33.056,34.483,35.459,35.979,35.978,35.512,34.826,34.323,34.168
32.828,32.883,32.983,32.636,31.543,29.824,27.766,25.542,23.265,21.047,18.951,16.918,14.812,12.542,10.153,7.773,5.450,3.142,0.841,-1.351,-3.337,-5.158,-6.875,-8.448,-9.703,-10.508,-10.798,-10.500,-9.453,-7.469,-4.495,-0.718,3.478,7.736,11.883,15.882,19.655,23.070,26.000,28.440,30.470,32.183,33.602,34.669,35.303,35.465,35.216,34.674,34.022,33.499,33.294
29.939,29.552,28.997,28.308,27.463,26.514,25.471,24.197,22.549,20.484,18.108,15.660,13.395,11.455,9.792,8.205,6.579,4.909,3.173,1.320,-0.466,-1.940,-3.111,-4.214,-5.220,-5.858,-5.965,-5.578,-4.727,-3.332,-1.278,1.407,4.409,7.281,9.873,12.353,14.814,17.163,19.366,21.511,23.602,25.528,27.173,28.422,29.116,29.239,28.997,28.656,28.459,28.568,28.887
31.530,31.434,31.553,31.638,31.333,30.415,29.032,27.485,25.881,23.994,21.642,18.947,16.249,13.798,11.634,9.623,7.668,5.757,3.834,1.817,-0.196,-1.931,-3.220,-4.155,-4.908,-5.456,-5.543,-4.857,-3.259,-0.836,2.240,5.851,9.782,13.567,16.727,19.151,21.084,22.774,24.299,25.698,27.060,28.330,29.362,30.110,30.609,30.840,30.859,30.829,30.795,30.666,30.464
43.580,43.125,42.764,42.044,40.567,38.295,35.542,32.735,30.081,27.463,24.600,21.342,17.814,14.340,11.196,8.448,6.079,4.061,2.349,0.781,-0.842,-2.593,-4.382,-5.967,-7.140,-7.778,-7.907,-7.564,-6.596,-4.723,-1.689,2.528,7.711,13.459,19.309,24.877,29.836,34.003,37.366,40.057,42.275,44.148,45.719,46.935,47.697,47.900,47.524,46.755,45.972,45.552,45.532
47.906,47.897,47.537,46.700,45.310,43.436,41.227,38.879,36.561,34.322,32.149,29.978,27.708,25.269,22.638,19.882,17.128,14.455,11.872,9.348,6.853,4.437,2.213,0.268,-1.319,-2.546,-3.435,-3.985,-4.130,-3.633,-2.162,0.556,4.563,9.579,15.083,20.531,25.542,29.964,33.809,37.130,39.953,42.193,43.730,44.511,44.586,44.075,43.104,41.871,40.642,39.657,38.985
35.259,35.291,35.259,34.902,33.906,32.255,30.241,28.074,25.881,23.899,22.069,20.042,17.773,15.443,13.076,10.604,8.147,5.946,3.989,2.061,0.144,-1.595,-3.052,-4.326,-5.491,-6.313,-6.599,-6.338,-5.399,-3.490,-0.546,3.091,7.020,10.999,14.929,18.754,22.300,25.359,27.914,30.039,31.855,33.454,34.675,35.317,35.408,35.100,34.647,34.226,33.860,33.577,33.263
36.042,36.127,35.908,35.196,33.985,32.395,30.522,28.489,26.515,24.573,22.524,20.404,18.268,16.158,14.111,11.988,9.791,7.867,6.403,5.149,3.808,2.378,0.964,-0.419,-1.634,-2.526,-3.137,-3.235,-2.490,-0.900,1.503,4.805,8.957,13.570,18.258,22.827,26.916,30.257,32.972,35.136,36.628,37.472,37.937,38.295,38.490,38.264,37.639,36.927,36.277,35.680,35.184
37.588,37.447,37.301,36.729,35.561,33.985,32.268,30.466,28.586,26.689,24.765,22.695,20.417,17.973,15.495,13.210,11.336,9.876,8.611,7.285,5.767,4.091,2.433,0.967,-0.195,-0.899,-0.996,-0.473,0.567,2.175,4.563,7.927,12.144,16.797,21.462,25.943,30.171,34.066,37.572,40.677,43.340,45.478,46.996,47.744,47.569,46.454,44.623,42.468,40.379,38.623,37.303
36.908,36.230,35.671,34.993,33.911,32.404,30.698,28.941,27.206,25.594,24.142,22.776,21.478,20.283,19.128,17.884,16.497,14.929,13.034,10.698,8.038,5.378,3.054,1.262,0.029,-0.662,-0.706,0.071,1.794,4.515,8.189,12.510,17.007,21.320,25.297,28.906,32.168,35.052,37.484,39.505,41.330,43.090,44.672,45.831,46.346,46.079,45.132,43.927,42.931,42.391,42.355
40.788,40.943,41.222,41.264,40.674,39.319,37.380,35.167,32.912,30.638,28.201,25.484,22.543,19.531,16.532,13.565,10.664,7.902,5.308,2.827,0.365,-2.123,-4.566,-6.759,-8.447,-9.442,-9.671,-9.109,-7.680,-5.244,-1.685,2.923,8.237,13.728,18.905,23.468,27.331,30.546,33.202,35.364,37.079,38.418,39.433,40.108,40.361,40.136,39.524,38.781,38.222,38.081,38.438
41.789,42.220,43.018,43.551,43.283,42.106,40.267,38.095,35.840,33.613,31.340,28.857,26.111,23.224,20.347,17.562,14.862,12.201,9.563,6.991,4.514,2.084,-0.336,-2.652,-4.592,-5.824,-6.133,-5.533,-4.157,-2.020,1.051,5.143,9.984,15.047,19.885,24.296,28.282,31.892,35.093,37.766,39.835,41.335,42.318,42.756,42.586,41.830,40.720,39.704,39.254,39.586,40.539
42.045,40.740,39.995,39.596,39.120,38.191,36.656,34.577,32.148,29.590,27.066,24.635,22.207,19.651,16.913,14.006,10.995,7.925,4.843,1.852,-0.940,-3.429,-5.554,-7.246,-8.392,-8.898,-8.669,-7.599,-5.568,-2.507,1.443,5.937,10.591,15.164,19.595,23.849,27.807,31.321,34.289,36.720,38.693,40.272,41.517,42.457,43.093,43.421,43.420,43.101,42.530,41.802,41.053
39.329,39.644,39.956,39.899,39.236,38.076,36.651,35.099,33.409,31.566,29.686,27.841,25.949,23.866,21.552,19.126,16.716,14.346,12.003,9.659,7.269,4.826,2.414,0.264,-1.316,-2.151,-2.201,-1.480,0.028,2.430,5.771,9.923,14.618,19.564,24.573,29.520,34.235,38.502,42.134,45.000,47.044,48.289,48.898,49.094,49.004,48.608,47.816,46.657,45.298,43.936,42.750
30.104,29.522,29.048,28.523,27.760,26.628,25.103,23.223,21.098,18.865,16.592,14.254,11.780,9.182,6.601,4.182,1.958,-0.188,-2.371,-4.565,-6.642,-8.487,-10.098,-11.493,-12.654,-13.495,-13.930,-13.853,-13.089,-11.454,-8.886,-5.524,-1.610,2.618,7.010,11.458,15.866,20.086,23.921,27.238,30.010,32.286,34.100,35.449,36.277,36.482,35.992,34.850,33.255,31.523,30.013
29.348,28.742,28.564,28.529,28.227,27.350,25.808,23.723,21.354,18.939,16.624,14.418,12.257,10.068,7.824,5.558,3.339,1.265,-0.594,-2.254,-3.803,-5.303,-6.726,-7.987,-9.041,-9.826,-10.223,-10.074,-9.241,-7.667,-5.373,-2.451,0.970,4.750,8.737,12.758,16.627,20.182,23.337,26.102,28.491,30.470,31.925,32.784,33.082,32.910,32.393,31.643,30.779,29.973,29.406
37.103,37.288,37.517,37.431,36.831,35.717,34.155,32.339,30.472,28.523,26.412,24.343,22.486,20.756,19.065,17.546,16.230,15.035,13.968,13.119,12.422,11.644,10.664,9.544,8.448,7.552,6.965,6.861,7.609,9.371,12.045,15.407,19.130,22.843,26.296,29.487,32.343,34.676,36.558,38.288,39.989,41.510,42.625,43.249,43.348,42.795,41.644,40.177,38.610,37.238,36.413
36.753,36.492,36.757,37.124,36.765,35.481,33.772,32.020,30.284,28.579,26.830,24.963,23.017,21.094,19.251,17.459,15.704,14.030,12.469,10.978,9.496,8.014,6.655,5.531,4.531,3.622,3.016,2.970,3.687,5.362,7.919,11.032,14.500,18.207,21.846,25.061,27.833,30.353,32.772,35.118,37.243,38.849,39.865,40.421,40.567,40.302,39.657,38.698,37.562,36.567,35.982
40.238,39.637,39.107,38.412,37.305,35.637,33.430,30.850,28.199,25.731,23.492,21.308,18.985,16.515,14.056,11.807,9.830,8.049,6.319,4.535,2.681,0.830,-0.932,-2.545,-3.954,-5.064,-5.770,-6.015,-5.673,-4.480,-2.171,1.232,5.415,10.001,14.641,18.959,22.619,25.510,27.801,29.725,31.436,33.056,34.716,36.408,37.888,38.857,39.215,39.147,38.916,38.683,38.502
37.988,37.853,37.853,37.495,36.456,34.728,32.524,30.131,27.748,25.320,22.672,19.783,16.878,14.238,11.954,9.985,8.219,6.564,4.944,3.314,1.682,0.137,-1.213,-2.353,-3.303,-4.008,-4.286,-3.913,-2.668,-0.423,2.743,6.569,10.747,15.040,19.285,23.380,27.199,30.575,33.333,35.455,37.033,38.199,38.989,39.417,39.488,39.216,38.635,37.858,37.099,36.582,36.513
37.972,37.499,36.989,36.283,35.272,33.861,31.977,30.003,27.982,25.807,23.656,21.649,19.776,17.980,16.351,14.714,12.966,11.281,9.872,8.641,7.418,6.127,4.807,3.322,1.951,1.028,0.609,0.373,0.439,1.298,3.219,6.031,9.261,12.320,14.900,17.085,19.064,21.074,23.435,26.045,28.821,31.677,34.605,37.020,38.617,39.353,39.396,38.683,37.527,36.407,35.553
39.589,39.552,40.229,40.600,40.485,39.781,38.378,36.269,34.404,32.719,30.980,28.810,26.862,24.915,22.757,20.319,17.994,15.802,13.574,11.183,9.019,7.012,4.891,2.890,1.541,0.720,-0.072,-0.747,-1.043,-0.651,0.728,3.246,6.936,11.216,15.372,19.162,22.538,25.802,28.927,32.217,35.149,37.529,39.204,40.426,41.014,40.776,39.801,38.630,37.430,36.431,35.887
43.173,42.553,42.258,42.267,42.022,41.086,39.525,37.543,35.343,33.167,31.195,29.421,27.709,25.854,23.706,21.283,18.768,16.267,13.761,11.301,8.996,6.756,4.464,2.225,0.232,-1.352,-2.435,-2.943,-2.787,-1.815,-0.009,2.463,5.428,8.878,12.783,16.967,21.186,25.264,29.150,32.844,36.290,39.359,41.890,43.824,45.191,45.971,46.130,45.741,45.017,44.119,43.188
41.309,40.501,40.062,39.892,39.467,38.285,36.336,33.934,31.379,28.853,26.358,23.855,21.421,19.167,17.044,15.015,13.181,11.574,10.093,8.631,7.081,5.425,3.789,2.300,1.025,0.083,-0.242,0.322,1.756,3.820,6.349,9.345,12.853,16.829,21.126,25.531,29.796,33.674,36.973,39.661,41.821,43.422,44.373,44.772,44.807,44.457,43.693,42.785,42.122,41.799,41.554
25.496,25.541,25.243,24.243,22.616,20.844,19.150,17.413,15.512,13.457,11.401,9.428,7.461,5.491,3.537,1.529,-0.540,-2.550,-4.467,-6.388,-8.308,-10.073,-11.614,-13.036,-14.421,-15.668,-16.616,-17.176,-17.118,-15.873,-13.028,-8.951,-4.354,0.369,4.874,8.725,11.810,14.354,16.580,18.628,20.581,22.413,23.963,25.035,25.584,25.815,25.970,26.081,26.147,26.237,26.298
28.922,28.540,27.844,26.655,25.120,23.706,22.535,21.377,20.141,18.805,17.213,15.309,13.254,11.123,8.853,6.492,4.120,1.763,-0.524,-2.707,-4.796,-6.793,-8.720,-10.640,-12.592,-14.510,-16.202,-17.436,-17.976,-17.476,-15.507,-11.955,-7.304,-2.290,2.703,7.570,12.115,16.101,19.418,22.101,24.268,26.051,27.493,28.583,29.280,29.526,29.377,29.049,28.842,28.869,28.901
37.463,37.052,36.687,36.480,36.449,36.375,35.889,34.793,33.253,31.575,29.909,28.250,26.569,24.861,23.076,21.234,19.425,17.748,16.255,14.923,13.618,12.159,10.510,8.765,7.067,5.642,4.800,4.707,5.257,6.343,8.076,10.529,13.457,16.535,19.638,22.720,25.686,28.458,31.023,33.419,35.718,37.928,39.918,41.432,42.186,42.027,41.130,39.918,38.820,38.065,37.651
37.770,37.312,36.675,35.909,35.039,33.955,32.483,30.599,28.558,26.607,24.721,22.756,20.689,18.585,16.511,14.557,12.775,11.101,9.380,7.551,5.787,4.311,3.229,2.481,1.931,1.496,1.338,1.772,3.045,5.211,8.166,11.661,15.383,19.029,22.409,25.443,28.126,30.481,32.512,34.247,35.721,36.927,37.783,38.179,38.050,37.476,36.687,35.934,35.342,34.917,34.600
42.720,42.730,42.732,42.431,41.609,40.177,38.326,36.226,34.059,31.849,29.611,27.436,25.469,23.663,21.647,19.453,17.051,14.595,12.110,9.901,7.508,5.182,3.065,1.595,0.514,-0.149,-0.258,0.392,1.895,4.024,6.763,10.030,13.548,17.083,20.643,24.288,27.944,31.323,34.164,36.523,38.639,40.582,42.238,43.488,44.376,44.835,44.794,44.271,43.552,42.923,42.506
42.228,41.851,41.536,41.490,41.052,39.748,37.754,35.395,32.846,30.229,27.823,25.763,23.810,21.526,19.147,16.894,14.875,12.714,10.554,8.410,6.303,4.237,2.256,0.438,-1.372,-2.604,-3.021,-2.696,-1.873,-0.124,2.850,6.740,11.091,15.623,20.206,24.624,28.564,31.859,34.747,37.480,40.044,42.076,43.681,44.884,45.810,46.264,46.336,46.131,45.980,45.758,45.538
33.448,33.559,33.585,33.131,32.117,30.806,29.391,27.802,25.967,23.956,21.892,19.848,17.797,15.685,13.538,11.455,9.491,7.597,5.700,3.760,1.785,-0.123,-1.838,-3.298,-4.483,-5.406,-6.071,-6.348,-5.955,-4.630,-2.276,0.972,4.735,8.633,12.534,16.424,20.192,23.657,26.705,29.313,31.504,33.320,34.777,35.802,36.245,36.066,35.453,34.741,34.249,34.099,34.200
29.770,29.731,29.385,28.845,28.149,27.215,25.931,24.256,22.359,20.499,18.712,16.864,14.926,12.966,11.011,9.057,7.141,5.299,3.468,1.499,-0.628,-2.715,-4.521,-5.868,-6.698,-7.092,-7.159,-6.824,-5.743,-3.577,-0.386,3.385,7.289,11.074,14.667,18.103,21.353,24.301,26.871,29.034,30.784,32.092,32.872,33.008,32.509,31.584,30.571,29.843,29.621,29.769,29.957
38.355,40.706,42.995,43.552,42.190,40.348,38.557,36.421,33.969,31.545,29.034,26.632,24.809,23.490,21.842,20.083,18.462,17.100,15.818,14.444,12.895,11.134,9.197,7.307,5.570,3.931,2.619,1.886,1.931,3.096,5.718,9.311,12.701,15.130,17.262,19.789,22.712,25.330,27.448,29.489,31.415,33.030,34.237,35.028,35.612,36.013,36.012,35.592,35.429,36.040,37.263
40.708,42.066,43.587,44.847,44.689,43.332,41.574,39.029,35.887,33.139,30.952,29.120,27.301,25.345,23.840,22.478,21.025,19.290,17.291,15.102,12.717,10.298,7.925,5.788,4.023,2.986,2.749,3.499,4.938,6.653,9.135,13.211,17.776,21.321,24.442,27.266,29.928,32.339,34.234,35.676,36.992,38.205,38.937,39.169,39.184,39.163,39.010,38.551,38.082,38.250,39.185
21.302,19.874,18.536,17.177,15.343,13.242,11.448,10.040,8.630,7.161,5.595,3.825,2.057,0.391,-1.050,-2.158,-3.123,-4.383,-5.974,-7.573,-9.012,-10.463,-11.673,-12.331,-12.871,-13.540,-14.013,-13.960,-13.356,-12.131,-10.096,-7.134,-3.554,0.276,3.957,6.868,8.847,10.390,11.949,13.597,15.122,16.404,17.577,18.647,19.601,20.358,20.777,20.804,20.586,20.300,19.651
19.023,17.706,16.258,14.829,12.973,10.723,8.670,6.990,5.427,3.792,1.858,-0.406,-2.616,-4.338,-5.528,-6.487,-7.465,-8.470,-9.605,-10.741,-11.710,-12.532,-13.205,-13.969,-14.913,-16.020,-17.098,-17.762,-17.888,-17.421,-16.213,-14.283,-11.619,-8.244,-4.280,-0.257,3.359,6.366,8.869,11.166,13.323,15.234,16.972,18.570,19.866,20.634,20.856,20.668,20.104,19.190,17.936
32.078,31.774,31.262,30.508,29.429,28.110,26.775,25.286,23.614,22.062,20.514,18.593,16.388,14.189,12.099,10.446,9.343,8.232,6.666,4.836,3.078,1.544,0.460,-0.256,-0.795,-1.068,-0.886,-0.151,1.395,4.122,7.832,12.003,16.039,19.812,23.334,26.701,29.591,32.137,34.202,35.855,36.939,37.750,38.152,37.988,37.492,37.097,36.577,36.266,36.838,37.600,37.528
31.072,30.539,29.538,28.260,26.788,25.302,23.830,22.280,20.575,18.899,17.433,16.062,14.588,12.691,10.622,8.567,6.662,4.782,2.931,1.192,-0.548,-2.213,-3.747,-5.187,-6.454,-7.448,-8.018,-7.714,-6.291,-3.771,-0.199,4.140,8.587,12.656,16.554,20.414,24.101,27.284,29.884,32.028,33.986,35.693,36.990,37.689,37.627,36.905,35.961,35.302,35.040,35.019,34.759
25.891,26.097,26.272,25.955,25.078,23.696,21.704,19.272,16.659,14.012,11.320,8.634,6.168,3.996,1.990,0.059,-1.805,-3.721,-5.641,-7.589,-9.588,-11.545,-13.298,-14.850,-16.172,-17.258,-17.957,-17.964,-17.129,-15.312,-12.464,-8.940,-5.234,-1.439,2.523,6.486,10.435,14.397,17.772,20.223,22.180,23.852,25.269,26.279,26.847,26.885,26.707,26.353,25.480,24.688,24.373
23.578,23.411,23.175,22.400,21.083,19.595,17.699,15.196,12.585,10.292,8.352,6.617,5.135,3.639,1.866,-0.153,-2.155,-4.004,-5.732,-7.254,-8.672,-9.878,-10.874,-11.830,-12.924,-14.028,-14.762,-14.591,-13.409,-11.176,-7.895,-3.737,0.617,4.589,8.216,11.858,15.464,18.724,21.595,24.174,26.625,28.853,30.717,32.070,32.919,33.194,32.725,31.832,30.889,29.705,28.429
36.079,35.554,35.606,36.125,36.015,34.649,32.713,30.953,29.369,27.983,26.924,26.110,25.141,22.880,19.388,16.175,13.749,12.189,11.427,10.593,9.127,6.964,4.418,2.289,1.204,0.885,0.656,0.358,-0.179,-0.425,0.906,3.842,7.438,11.719,16.703,21.396,24.994,27.291,28.996,31.056,33.512,35.928,38.021,39.433,39.915,39.775,39.290,38.686,38.269,37.858,37.460
38.927,38.961,39.234,39.272,37.813,35.599,33.777,31.372,28.453,25.972,23.986,22.093,19.471,16.191,13.072,10.665,8.522,6.337,4.175,1.890,-0.292,-1.820,-2.787,-3.614,-4.390,-5.291,-6.200,-6.677,-6.743,-6.491,-5.867,-4.658,-2.321,1.262,5.889,11.325,17.146,22.526,26.325,28.659,30.756,33.136,35.717,38.579,40.754,41.331,40.241,37.942,35.795,35.030,35.798
33.821,33.730,33.593,33.341,32.782,31.782,30.320,28.404,26.118,23.652,21.175,18.778,16.520,14.458,12.591,10.764,8.783,6.643,4.521,2.486,0.457,-1.595,-3.612,-5.523,-7.311,-8.891,-9.971,-10.258,-9.751,-8.657,-6.995,-4.574,-1.392,2.173,5.722,9.184,12.684,16.243,19.752,23.054,25.967,28.298,29.950,30.963,31.446,31.546,31.437,31.298,31.259,31.370,31.539
32.134,32.212,32.405,32.321,31.502,29.971,28.011,25.679,22.968,20.256,17.925,15.918,13.898,11.682,9.309,6.847,4.304,1.744,-0.684,-2.882,-4.804,-6.456,-7.907,-9.199,-10.250,-10.935,-11.178,-10.945,-10.229,-8.999,-7.150,-4.607,-1.538,1.717,4.964,8.231,11.573,14.956,18.351,21.671,24.626,26.933,28.651,30.005,31.009,31.532,31.600,31.384,31.052,30.668,30.239
35.103,35.100,35.018,34.635,33.770,32.370,30.920,29.547,27.806,25.923,24.154,22.283,20.161,17.980,15.915,13.926,11.920,10.016,8.376,6.752,4.851,2.712,0.480,-1.658,-3.403,-4.573,-5.133,-5.244,-5.128,-4.496,-2.759,0.150,3.916,8.120,12.180,15.647,18.587,21.258,23.789,26.250,28.614,30.984,33.352,35.389,36.718,37.056,36.630,35.772,35.040,34.837,34.928
33.022,33.794,34.619,34.679,33.602,32.050,30.295,28.320,26.269,24.156,21.900,19.502,17.125,14.888,12.753,10.606,8.419,6.385,4.578,2.825,1.056,-0.740,-2.546,-4.197,-5.569,-6.594,-7.108,-7.230,-6.874,-5.466,-3.129,0.173,4.411,8.700,12.701,16.540,19.903,22.571,24.813,26.770,28.461,29.873,31.087,32.068,32.613,32.648,32.093,31.372,31.147,31.474,32.017
22.699,22.645,22.641,22.402,21.607,20.396,19.022,17.461,15.662,13.675,11.503,9.175,6.792,4.381,1.915,-0.522,-2.706,-4.464,-5.833,-6.956,-7.986,-9.150,-10.626,-12.365,-14.121,-15.521,-16.242,-16.222,-15.569,-14.266,-12.096,-8.941,-5.045,-0.928,2.943,6.345,9.283,11.883,14.233,16.283,17.950,19.301,20.508,21.631,22.547,23.072,23.157,23.015,22.945,22.988,22.939
19.500,19.488,19.055,18.130,16.834,15.340,13.753,12.120,10.400,8.460,6.237,3.841,1.510,-0.614,-2.607,-4.586,-6.535,-8.338,-9.842,-11.006,-11.980,-12.923,-13.869,-14.821,-15.817,-16.775,-17.448,-17.586,-16.995,-15.431,-12.676,-8.872,-4.562,-0.268,3.739,7.400,10.778,13.894,16.632,18.859,20.616,22.111,23.484,24.638,25.376,25.565,25.168,24.366,23.562,23.128,23.117
30.606,30.275,29.799,29.136,28.139,26.739,25.068,23.284,21.437,19.512,17.640,15.929,14.283,12.519,10.531,8.317,6.018,3.909,1.896,0.004,-2.329,-4.927,-6.894,-8.037,-8.908,-9.659,-9.957,-9.587,-8.732,-7.294,-5.052,-1.871,1.925,5.974,9.827,13.457,17.004,20.429,23.466,25.955,28.082,30.073,31.753,33.060,34.131,34.887,35.212,34.996,34.331,33.494,32.771
33.636,32.788,32.069,31.234,29.576,27.206,24.909,22.760,20.454,18.018,15.993,14.572,13.404,12.017,10.300,8.535,6.684,4.626,2.737,1.280,0.210,-0.616,-1.376,-2.205,-2.932,-3.299,-3.267,-2.744,-1.701,-0.048,2.344,5.344,8.848,12.814,16.921,20.785,24.258,27.241,29.753,31.917,33.912,35.942,37.833,39.356,40.350,40.620,40.345,39.828,39.223,38.720,38.274
28.555,28.450,28.847,29.178,28.764,27.616,26.072,24.209,21.999,19.553,17.085,14.787,12.705,10.619,8.246,5.512,2.617,-0.215,-2.974,-5.668,-8.220,-10.575,-12.726,-14.665,-16.403,-17.873,-18.847,-19.079,-18.384,-16.537,-13.444,-9.465,-5.184,-0.958,3.235,7.590,12.120,16.528,20.495,23.891,26.643,28.690,30.090,30.991,31.536,31.817,31.830,31.486,30.783,29.899,29.117
26.902,26.291,26.407,26.716,26.401,25.403,23.957,22.028,19.670,17.258,15.124,13.317,11.607,9.763,7.745,5.539,3.003,0.117,-2.961,-6.016,-8.778,-11.028,-12.827,-14.429,-15.939,-17.180,-17.784,-17.470,-16.141,-13.967,-11.129,-7.454,-2.962,1.674,5.912,9.764,13.345,16.654,19.570,21.987,23.907,25.345,26.343,27.045,27.612,28.097,28.436,28.568,28.481,28.182,27.839
34.753,32.951,31.083,30.112,29.297,27.543,25.389,23.662,22.107,20.386,18.383,16.558,15.108,13.975,12.890,11.610,9.849,7.725,5.469,3.314,1.432,-0.294,-1.967,-3.686,-5.245,-6.366,-6.867,-6.604,-5.215,-2.739,0.638,4.902,9.724,14.515,18.747,22.279,25.452,28.521,31.448,33.822,35.508,36.455,36.658,36.552,36.413,36.361,36.177,36.034,35.835,35.266,34.110
38.864,38.128,37.314,37.057,37.091,36.164,33.992,31.794,29.871,27.826,25.497,23.087,20.890,18.905,17.050,15.191,13.168,10.865,8.293,5.715,3.520,1.651,0.043,-1.498,-3.039,-4.295,-4.885,-4.493,-2.801,0.143,4.005,8.410,13.184,17.874,21.956,25.420,29.111,32.475,34.916,36.693,38.117,39.027,39.726,40.522,41.533,42.511,43.154,43.573,43.875,43.815,43.246
41.199,41.623,42.058,42.021,41.176,39.540,37.190,34.346,31.363,28.329,25.203,22.116,19.174,16.309,13.308,9.969,6.299,2.633,-0.631,-3.354,-5.705,-7.800,-9.575,-11.013,-12.138,-12.898,-13.261,-13.031,-11.594,-8.361,-3.383,2.684,8.980,14.733,19.471,23.126,26.005,28.481,30.716,32.849,35.087,37.459,39.750,41.649,42.839,43.113,42.560,41.726,41.213,41.189,41.574
38.333,39.369,40.301,40.670,40.328,39.334,37.738,35.625,33.174,30.509,27.592,24.420,21.176,17.958,14.680,11.286,7.928,4.818,2.050,-0.387,-2.518,-4.390,-6.076,-7.591,-8.944,-10.164,-11.137,-11.822,-12.245,-11.972,-10.231,-6.842,-2.259,3.095,8.736,14.092,18.945,23.401,27.444,30.996,33.992,36.405,38.230,39.528,40.358,40.613,40.055,38.811,37.575,37.037,37.377
42.659,43.385,44.418,44.977,44.340,42.702,40.644,38.607,36.709,34.791,32.605,30.405,28.027,25.364,22.356,19.347,16.366,13.396,10.367,7.488,4.823,2.384,0.271,-1.536,-3.242,-4.925,-6.101,-6.132,-5.088,-3.306,-0.455,3.799,8.920,14.292,19.524,24.475,29.068,33.120,36.304,38.501,39.908,40.861,41.541,41.856,41.817,41.777,41.885,41.956,41.851,41.693,41.838
43.994,44.012,44.850,45.482,44.637,42.934,41.396,39.652,37.395,34.844,32.354,29.985,27.520,24.724,21.851,19.158,16.723,14.417,12.307,10.327,8.197,5.729,3.139,0.706,-1.434,-3.234,-4.348,-4.680,-4.562,-3.996,-2.249,0.944,5.443,10.749,16.178,21.069,25.606,29.952,33.932,37.226,39.833,41.756,43.022,43.784,44.303,44.637,44.620,44.058,43.178,42.400,41.841
39.927,39.205,38.719,38.115,37.033,35.379,33.327,31.143,28.968,26.796,24.576,22.273,19.855,17.336,14.840,12.509,10.370,8.319,6.254,4.158,2.110,0.203,-1.501,-2.993,-4.269,-5.301,-5.969,-6.081,-5.452,-4.000,-1.759,1.174,4.701,8.691,12.908,17.095,21.077,24.726,27.910,30.577,32.795,34.655,36.207,37.504,38.617,39.553,40.226,40.550,40.519,40.135,39.401
43.448,43.062,42.889,42.646,41.876,40.360,38.302,36.051,33.786,31.514,29.238,26.998,24.774,22.501,20.189,17.923,15.754,13.663,11.614,9.580,7.537,5.489,3.496,1.624,-0.081,-1.527,-2.521,-2.844,-2.342,-0.957,1.262,4.179,7.588,11.243,14.886,18.384,21.739,24.957,27.966,30.687,33.100,35.206,37.015,38.546,39.808,40.705,41.054,40.797,40.173,39.570,39.170
39.038,39.078,39.094,39.095,38.245,36.469,34.364,32.011,29.655,27.115,24.340,21.436,18.505,15.451,12.675,10.145,7.559,4.889,2.215,-0.604,-3.771,-6.888,-9.633,-11.764,-13.328,-14.328,-14.548,-13.869,-12.381,-9.745,-5.463,-0.051,5.369,10.435,15.479,20.546,25.078,28.815,31.724,33.777,35.266,36.592,37.487,37.588,36.899,35.603,34.142,33.237,33.347,34.195,35.110
38.733,38.841,38.981,38.650,37.734,36.820,35.784,33.921,31.428,28.879,26.377,23.783,21.096,18.241,15.055,11.805,8.952,6.303,3.507,0.468,-2.804,-6.231,-9.572,-12.462,-14.589,-15.811,-16.181,-15.903,-15.174,-13.652,-10.870,-6.968,-2.545,2.164,6.915,11.569,15.919,19.812,22.932,25.260,27.062,28.473,29.601,30.508,31.166,31.573,31.904,32.637,33.846,35.269,36.261
36.613,35.410,34.034,32.671,31.382,30.082,28.708,27.275,25.819,24.424,23.174,22.004,20.778,19.483,18.195,16.901,15.537,14.131,12.800,11.599,10.475,9.366,8.284,7.299,6.487,5.915,5.703,6.091,7.366,9.625,12.639,16.024,19.468,22.806,25.977,28.970,31.768,34.277,36.350,37.945,39.176,40.158,40.942,41.578,42.027,42.122,41.791,41.180,40.451,39.572,38.419
38.797,37.875,36.765,35.540,34.245,32.880,31.414,29.804,28.077,26.351,24.745,23.290,21.924,20.533,19.043,17.483,15.897,14.294,12.762,11.424,10.221,8.974,7.648,6.378,5.270,4.351,3.710,3.604,4.374,6.192,8.892,12.090,15.463,18.854,22.175,25.319,28.228,30.927,33.408,35.518,37.127,38.330,39.308,40.108,40.629,40.711,40.273,39.450,38.548,37.760,36.996
35.894,34.989,33.944,32.609,31.001,29.329,27.637,25.760,23.623,21.389,19.254,17.244,15.257,13.264,11.284,9.359,7.535,5.772,3.899,1.873,-0.162,-2.065,-3.775,-5.240,-6.369,-6.987,-6.960,-6.294,-5.013,-2.985,-0.132,3.289,6.810,10.147,13.292,16.315,19.205,21.906,24.370,26.563,28.477,30.167,31.680,32.991,34.063,34.859,35.315,35.397,35.179,34.784,34.288
35.670,35.465,35.214,34.646,33.546,31.968,30.132,28.103,25.842,23.478,21.306,19.421,17.642,15.726,13.544,11.088,8.518,6.097,3.955,2.085,0.456,-0.965,-2.238,-3.389,-4.390,-5.155,-5.486,-5.165,-4.041,-2.057,0.700,3.943,7.368,10.798,14.175,17.481,20.660,23.567,26.078,28.166,29.936,31.527,32.960,34.069,34.749,35.064,35.118,34.969,34.645,34.181,33.685
41.334,42.179,42.553,42.342,41.598,40.493,39.110,37.309,34.928,32.008,28.762,25.410,22.089,18.860,15.667,12.331,8.757,5.107,1.658,-1.405,-4.005,-6.118,-7.828,-9.346,-10.801,-12.034,-12.703,-12.595,-11.785,-10.424,-8.393,-5.371,-1.317,3.381,8.264,13.105,17.812,22.251,26.251,29.688,32.487,34.601,36.063,37.021,37.687,38.291,39.008,39.839,40.636,41.347,42.088
40.245,40.211,39.994,39.225,37.727,35.699,33.367,30.706,27.658,24.360,21.059,17.925,15.001,12.257,9.628,7.006,4.297,1.526,-1.149,-3.514,-5.432,-6.937,-8.220,-9.440,-10.498,-11.105,-11.058,-10.316,-8.786,-6.253,-2.610,1.955,7.065,12.369,17.613,22.591,27.121,31.091,34.480,37.305,39.546,41.138,42.057,42.365,42.166,41.599,40.879,40.238,39.816,39.648,39.746
49.758,51.190,52.907,53.506,52.137,49.672,47.374,45.323,42.862,39.686,36.268,32.957,29.753,26.683,23.829,21.105,18.489,16.059,13.647,10.988,8.031,5.211,3.058,1.495,0.048,-1.306,-1.941,-1.441,-0.088,2.041,5.422,9.964,14.852,19.565,24.216,28.876,33.210,36.893,40.017,42.617,44.489,45.580,46.244,46.616,46.762,46.766,46.881,47.436,48.504,49.650,50.699
50.755,52.148,54.303,55.384,54.550,52.761,50.746,48.144,44.874,41.331,37.786,34.194,30.665,27.539,24.622,21.626,18.700,15.990,13.374,10.782,8.328,6.150,4.291,2.369,0.233,-1.612,-2.354,-1.818,-0.150,2.997,7.598,12.879,17.925,22.554,26.807,30.719,33.901,36.407,38.373,39.970,41.498,43.022,44.281,45.290,46.120,46.811,47.485,48.300,49.232,50.457,51.821
31.427,32.489,32.667,31.853,30.306,28.405,26.265,23.785,21.054,18.408,16.088,13.855,11.231,8.151,4.920,1.720,-1.404,-4.381,-7.192,-9.823,-12.163,-14.213,-16.087,-17.754,-19.000,-19.809,-20.362,-20.432,-19.377,-16.939,-13.339,-8.762,-3.442,2.113,7.455,12.305,16.413,19.635,22.094,23.917,25.124,25.818,26.202,26.464,26.728,27.003,27.206,27.599,28.761,30.583,32.069
30.128,30.905,31.447,31.715,31.469,30.471,28.803,26.641,24.151,21.640,19.361,17.175,14.785,12.144,9.461,6.811,4.078,1.275,-1.413,-3.917,-6.249,-8.346,-10.274,-12.191,-13.911,-15.039,-15.564,-15.886,-16.055,-15.647,-14.231,-11.693,-8.181,-3.943,0.770,5.668,10.371,14.509,18.009,21.066,23.781,26.037,27.768,28.998,29.685,29.787,29.406,28.894,28.819,29.541,30.924
39.299,39.240,39.335,39.296,38.532,37.012,34.898,32.358,29.492,26.680,23.937,21.300,18.860,16.549,14.312,12.093,9.857,7.582,5.408,3.465,1.751,0.152,-1.291,-2.570,-3.710,-4.663,-5.265,-5.446,-5.003,-3.642,-1.213,2.404,6.917,11.699,15.896,19.886,23.813,27.667,31.521,35.001,37.576,39.711,41.737,43.039,43.098,42.186,40.746,39.327,38.302,37.921,38.199
38.218,38.071,37.910,37.607,36.959,35.818,34.296,32.422,29.930,27.116,24.367,21.625,19.472,17.657,15.835,13.842,12.362,11.040,9.431,7.453,5.408,3.614,2.101,0.860,-0.106,-0.860,-1.418,-1.428,-0.372,1.822,4.804,8.312,12.202,16.152,19.852,23.299,26.607,29.711,32.451,34.678,36.383,37.691,38.671,39.321,39.618,39.482,38.980,38.305,37.751,37.664,37.896
26.495,25.455,24.162,22.976,21.646,20.078,18.599,17.147,15.609,14.073,12.500,10.755,8.866,6.856,4.878,2.882,0.893,-0.930,-2.493,-3.899,-5.221,-6.478,-7.789,-9.176,-10.440,-11.448,-12.293,-12.643,-11.921,-9.868,-6.547,-2.201,2.637,7.436,11.866,15.761,19.127,22.139,24.748,26.890,28.703,30.318,31.695,32.678,33.041,32.369,31.426,29.954,28.261,27.230,27.152
30.581,30.386,29.961,29.504,28.848,27.720,26.224,24.549,22.723,20.765,18.775,16.840,14.903,12.826,10.694,8.576,6.530,4.697,3.077,1.741,0.339,-1.370,-2.702,-3.922,-5.568,-7.167,-8.104,-8.875,-9.424,-8.666,-6.721,-3.647,0.635,4.925,8.710,12.297,15.574,18.673,21.613,24.293,26.666,28.719,30.419,31.573,32.073,31.739,30.567,28.985,27.899,27.825,28.169
29.179,28.714,28.050,27.393,26.607,25.473,24.032,22.394,20.637,19.027,17.835,17.014,16.300,15.452,14.428,13.343,12.171,10.747,9.129,7.497,5.883,4.308,2.707,0.953,-0.946,-2.829,-4.412,-5.493,-5.940,-5.363,-3.316,0.130,4.405,8.912,13.248,17.204,20.824,24.247,27.582,30.975,34.122,36.427,37.702,38.164,38.226,37.941,37.258,36.392,35.563,35.179,35.399
35.634,34.853,34.423,34.119,33.396,32.036,30.268,28.408,26.567,24.669,22.675,20.628,18.413,15.994,13.784,12.052,10.475,8.772,7.084,5.609,4.174,2.684,1.166,-0.626,-2.547,-4.133,-5.438,-6.648,-7.410,-7.175,-5.541,-2.478,1.355,5.167,8.772,12.197,15.320,18.316,21.458,24.506,27.019,28.865,30.143,31.085,31.922,32.679,33.294,33.751,33.979,33.901,33.621
35.398,34.918,34.292,33.447,32.409,31.229,29.937,28.613,27.364,26.151,24.713,22.798,20.434,17.918,15.580,13.537,11.731,10.137,8.790,7.619,6.459,5.188,3.843,2.576,1.551,0.898,0.736,1.166,2.262,4.018,6.332,9.119,12.432,16.280,20.399,24.448,28.157,31.179,33.206,34.407,35.197,35.831,36.378,36.825,37.123,37.151,36.815,36.211,35.605,35.107,34.571
36.243,37.068,37.582,37.394,36.363,34.729,32.808,30.831,28.965,27.262,25.472,23.234,20.542,17.863,15.606,13.790,12.262,10.974,9.883,8.867,7.845,6.967,6.237,5.427,4.526,3.990,4.115,4.836,6.188,8.374,11.264,14.407,17.509,20.575,23.614,26.445,28.851,30.817,32.561,34.330,36.147,37.861,39.371,40.625,41.484,41.803,41.607,41.127,40.656,40.367,40.280
41.464,41.614,42.015,42.413,42.345,41.454,39.732,37.348,34.593,31.812,29.214,26.749,24.240,21.576,18.752,15.823,12.901,10.169,7.808,5.847,4.134,2.485,0.816,-0.843,-2.372,-3.563,-4.198,-4.123,-3.233,-1.464,1.111,4.293,7.929,11.968,16.286,20.607,24.632,28.183,31.221,33.799,35.970,37.760,39.209,40.393,41.351,42.050,42.462,42.663,42.830,43.108,43.532
41.806,42.213,42.342,41.947,40.963,39.506,37.634,35.416,33.047,30.723,28.443,26.101,23.610,20.900,18.097,15.343,12.703,10.224,8.130,6.468,5.034,3.576,1.980,0.390,-1.048,-2.263,-3.206,-3.420,-2.503,-0.449,2.285,5.330,8.601,12.194,16.106,20.187,24.228,28.020,31.378,34.187,36.410,38.117,39.475,40.640,41.625,42.312,42.594,42.473,42.124,41.862,41.953
34.292,33.819,33.262,32.855,31.954,30.185,27.619,24.834,22.429,20.769,19.678,18.699,17.250,15.257,12.695,9.766,7.010,4.603,2.703,1.188,0.041,-0.883,-1.824,-2.808,-3.687,-4.324,-4.669,-4.827,-4.566,-3.240,-0.373,3.758,8.391,13.100,17.734,22.138,26.162,29.672,32.573,34.771,36.189,37.218,38.013,38.673,39.077,39.373,39.377,38.948,38.121,37.139,36.322
36.084,36.647,37.283,37.155,35.944,33.933,31.633,29.088,26.468,24.104,22.148,20.366,18.602,16.592,14.163,11.341,8.708,6.255,3.850,1.429,-0.652,-2.485,-4.153,-5.793,-7.472,-9.112,-10.271,-10.530,-9.617,-7.638,-4.579,-0.563,4.029,8.689,13.111,17.165,20.802,24.371,27.944,30.578,32.144,33.262,34.625,35.885,36.972,37.656,37.835,37.593,37.297,37.247,37.428
36.628,37.037,37.481,37.677,37.222,35.877,33.875,31.726,29.663,27.612,25.472,23.345,21.303,19.331,17.238,14.898,12.307,9.624,6.989,4.448,2.000,-0.243,-2.121,-3.630,-4.923,-6.088,-6.856,-6.706,-5.389,-3.094,-0.039,3.774,8.336,13.374,18.413,23.046,27.095,30.511,33.268,35.361,36.787,37.498,37.481,36.895,36.124,35.623,35.649,36.131,36.813,37.415,37.810
41.784,43.065,44.267,44.548,43.501,41.431,38.985,36.564,34.132,31.431,28.283,24.662,20.702,16.660,12.758,8.992,5.137,1.093,-2.821,-6.084,-8.468,-10.189,-11.596,-12.843,-13.828,-14.358,-14.289,-13.553,-12.092,-9.807,-6.572,-2.327,2.694,8.077,13.365,18.337,22.832,26.871,30.361,33.138,35.048,36.258,37.092,37.779,38.334,38.744,39.014,39.087,38.925,38.597,38.381
46.921,47.985,48.610,48.470,47.498,45.866,43.707,41.043,37.946,34.618,31.312,28.152,25.143,22.226,19.340,16.397,13.299,10.060,6.837,3.861,1.291,-0.823,-2.521,-3.848,-4.752,-5.068,-4.617,-3.349,-1.355,1.227,4.270,7.649,11.225,14.830,18.328,21.631,24.635,27.152,29.031,30.297,31.152,31.818,32.485,33.265,34.161,35.068,35.920,36.776,37.715,38.737,39.810
38.148,38.917,39.910,40.524,40.307,39.239,37.651,35.864,33.985,32.027,30.025,27.978,25.824,23.523,21.181,18.956,16.946,15.132,13.428,11.721,9.886,7.811,5.445,2.898,0.434,-1.601,-2.912,-3.246,-2.415,-0.372,2.666,6.300,10.184,14.159,18.149,22.017,25.627,28.935,31.943,34.627,36.974,38.978,40.594,41.742,42.382,42.566,42.435,42.193,42.035,42.129,42.630
36.882,37.483,37.912,38.160,37.758,36.457,34.322,31.695,28.894,26.055,22.826,19.956,17.516,15.035,12.618,10.656,8.981,7.322,5.501,3.469,1.174,-1.311,-3.577,-5.376,-6.669,-7.385,-7.437,-6.662,-4.885,-2.627,0.013,3.574,7.814,12.047,16.231,20.104,23.637,26.997,30.118,32.890,35.166,36.852,37.816,38.043,37.772,37.076,36.076,35.251,34.988,35.145,35.508
37.811,38.321,38.566,38.827,38.611,37.188,34.679,32.003,29.744,27.549,25.005,22.266,19.438,16.468,13.503,10.762,8.183,5.532,2.883,0.454,-1.690,-3.678,-5.182,-6.164,-6.845,-7.211,-7.151,-6.636,-5.488,-3.560,-0.787,2.718,6.835,11.219,15.513,19.436,23.142,26.511,29.283,31.725,33.938,35.732,36.927,37.411,37.175,36.320,35.153,34.284,34.017,34.281,34.900
34.756,34.895,35.312,35.153,33.722,31.429,28.912,26.540,24.378,22.191,19.795,17.355,14.956,12.494,10.021,7.721,5.550,3.475,1.547,-0.415,-2.492,-4.198,-5.390,-6.538,-7.503,-8.094,-8.167,-7.548,-6.488,-4.745,-1.925,1.670,5.361,8.736,11.846,14.769,17.463,19.916,22.072,23.997,25.752,27.219,28.455,29.611,30.639,31.496,32.097,32.300,32.381,32.392,32.129
32.519,32.654,33.477,33.599,32.166,30.251,28.384,26.223,23.670,21.026,18.489,16.051,13.786,11.673,9.577,7.505,5.416,3.275,1.263,-0.488,-2.025,-3.264,-4.475,-5.709,-6.634,-7.401,-7.890,-7.922,-7.541,-6.559,-4.675,-1.861,1.590,5.317,8.965,12.267,15.279,18.167,20.890,23.340,25.556,27.535,29.141,30.425,31.398,31.963,32.228,32.276,32.284,32.542,32.849
37.214,36.994,36.784,35.851,34.196,32.295,30.446,28.522,26.627,24.884,23.348,21.913,20.614,19.412,18.159,16.890,15.804,14.887,13.862,12.647,11.232,9.608,7.759,5.843,3.890,1.958,0.091,-1.378,-1.990,-1.267,0.536,2.948,5.883,9.716,14.313,18.853,22.675,25.769,28.455,30.912,33.241,35.538,37.716,39.602,41.062,42.041,42.353,41.939,40.989,39.871,38.813
37.196,36.319,36.347,36.681,36.438,35.332,33.202,30.218,27.128,25.021,23.467,21.842,19.970,18.313,16.585,14.688,12.980,11.695,10.583,9.495,8.448,7.260,5.774,3.869,1.877,-0.202,-2.161,-3.887,-5.091,-5.279,-3.923,-1.263,2.169,6.051,10.231,14.406,18.163,21.370,24.318,27.091,29.546,31.712,33.653,35.164,36.054,36.289,35.917,35.040,33.976,32.958,32.164
27.742,27.736,27.587,27.035,26.019,24.666,23.195,21.731,20.198,18.528,16.797,15.058,13.286,11.551,9.813,7.863,5.636,3.275,0.952,-1.250,-3.322,-5.244,-6.928,-8.276,-9.246,-9.746,-9.684,-9.102,-7.897,-5.736,-2.615,0.978,4.565,7.900,10.970,13.813,16.338,18.554,20.576,22.416,24.034,25.404,26.499,27.250,27.589,27.589,27.424,27.255,27.184,27.171,27.095
24.333,23.670,22.849,21.743,20.431,18.964,17.299,15.532,13.763,11.989,10.223,8.397,6.537,4.769,3.044,1.306,-0.498,-2.297,-4.007,-5.609,-7.026,-8.368,-9.637,-10.676,-11.522,-12.204,-12.649,-12.680,-11.961,-10.239,-7.479,-3.968,-0.133,3.665,7.176,10.360,13.323,16.112,18.654,20.879,22.783,24.369,25.541,26.189,26.327,26.092,25.787,25.660,25.648,25.524,25.103
36.898,35.954,34.998,33.764,31.840,29.242,26.471,23.978,21.936,20.571,19.734,18.394,16.563,14.979,13.517,12.226,11.210,10.363,9.602,9.060,8.605,7.801,6.353,4.603,2.815,1.175,-0.076,-0.931,-1.466,-1.678,-0.755,1.642,5.122,9.621,14.632,19.232,23.158,26.510,29.384,31.969,34.182,35.955,37.307,38.133,38.848,39.762,40.170,40.018,39.697,39.340,38.951
37.113,36.001,35.085,33.794,31.744,29.250,26.723,24.289,22.166,20.599,19.377,18.138,16.594,14.949,13.592,12.482,11.319,10.018,8.685,7.257,5.703,4.232,2.911,1.718,0.691,-0.092,-0.685,-1.196,-1.359,-0.758,0.848,3.483,6.942,11.167,15.777,19.729,22.711,25.437,28.039,30.318,32.290,34.064,35.748,37.472,39.074,40.219,40.399,39.972,39.437,38.832,38.350
